Timestamp,Calitate aer,Temperatura,Umiditate,Geam Deschis,Locatie,Numar persoane,Ventilatie activa,Tip Incinta,Vreme,Trafic,Data,Timpul
2025-05-01 15:07:51+00:00,70.0,26.5,44.0,Da,"Bucuresti, Calea Plevnei",3,Nu,Atelier,Senin,Scazut,2025-05-01,15:07:51
2025-05-01 15:07:53+00:00,69.0,26.6,44.0,Da,"Bucuresti, Calea Plevnei",3,Nu,Atelier,Senin,Scazut,2025-05-01,15:07:53
2025-05-01 15:07:55+00:00,70.0,26.4,44.0,Da,"Bucuresti, Calea Plevnei",3,Nu,Atelier,Senin,Scazut,2025-05-01,15:07:55
2025-05-01 15:07:57+00:00,70.0,26.1,44.0,Da,"Bucuresti, Calea Plevnei",3,Nu,Atelier,Senin,Scazut,2025-05-01,15:07:57
2025-05-01 15:07:59+00:00,70.0,26.1,44.0,Da,"Bucuresti, Calea Plevnei",3,Nu,Atelier,Senin,Scazut,2025-05-01,15:07:59
2025-05-01 15:08:01+00:00,69.0,26.5,44.0,Da,"Bucuresti, Calea Plevnei",3,Nu,Atelier,Senin,Scazut,2025-05-01,15:08:01
2025-05-01 15:08:03+00:00,70.0,26.9,44.0,Da,"Bucuresti, Calea Plevnei",3,Nu,Atelier,Senin,Scazut,2025-05-01,15:08:03
2025-05-01 15:08:05+00:00,70.0,26.6,44.0,Da,"Bucuresti, Calea Plevnei",3,Nu,Atelier,Senin,Scazut,2025-05-01,15:08:05
2025-05-01 15:08:07+00:00,70.0,26.9,44.0,Da,"Bucuresti, Calea Plevnei",3,Nu,Atelier,Senin,Scazut,2025-05-01,15:08:07
2025-05-01 15:08:09+00:00,69.0,26.6,44.0,Da,"Bucuresti, Calea Plevnei",3,Nu,Atelier,Senin,Scazut,2025-05-01,15:08:09
2025-05-01 15:08:11+00:00,70.0,26.1,44.0,Da,"Bucuresti, Calea Plevnei",3,Nu,Atelier,Senin,Scazut,2025-05-01,15:08:11
2025-05-01 15:08:13+00:00,69.0,26.8,44.0,Da,"Bucuresti, Calea Plevnei",3,Nu,Atelier,Senin,Scazut,2025-05-01,15:08:13
2025-05-01 15:08:15+00:00,69.0,26.5,44.0,Da,"Bucuresti, Calea Plevnei",3,Nu,Atelier,Senin,Scazut,2025-05-01,15:08:15
2025-05-01 15:08:17+00:00,70.0,26.0,44.0,Da,"Bucuresti, Calea Plevnei",3,Nu,Atelier,Senin,Scazut,2025-05-01,15:08:17
2025-05-01 15:08:19+00:00,69.0,25.0,45.0,Da,"Bucuresti, Calea Plevnei",3,Nu,Atelier,Senin,Scazut,2025-05-01,15:08:19
2025-05-01 15:08:21+00:00,70.0,26.2,44.0,Da,"Bucuresti, Calea Plevnei",3,Nu,Atelier,Senin,Scazut,2025-05-01,15:08:21
2025-05-01 15:08:23+00:00,70.0,26.2,44.0,Da,"Bucuresti, Calea Plevnei",3,Nu,Atelier,Senin,Scazut,2025-05-01,15:08:23
2025-05-01 15:08:25+00:00,68.0,26.2,44.0,Da,"Bucuresti, Calea Plevnei",3,Nu,Atelier,Senin,Scazut,2025-05-01,15:08:25
2025-05-01 15:08:27+00:00,70.0,25.3,45.0,Da,"Bucuresti, Calea Plevnei",3,Nu,Atelier,Senin,Scazut,2025-05-01,15:08:27
2025-05-01 15:08:29+00:00,70.0,26.9,44.0,Da,"Bucuresti, Calea Plevnei",3,Nu,Atelier,Senin,Scazut,2025-05-01,15:08:29
2025-05-01 15:08:31+00:00,69.0,26.5,44.0,Da,"Bucuresti, Calea Plevnei",3,Nu,Atelier,Senin,Scazut,2025-05-01,15:08:31
2025-05-01 15:08:33+00:00,70.0,26.1,44.0,Da,"Bucuresti, Calea Plevnei",3,Nu,Atelier,Senin,Scazut,2025-05-01,15:08:33
2025-05-01 15:08:35+00:00,70.0,26.7,44.0,Da,"Bucuresti, Calea Plevnei",3,Nu,Atelier,Senin,Scazut,2025-05-01,15:08:35
2025-05-01 15:08:37+00:00,70.0,26.0,44.0,Da,"Bucuresti, Calea Plevnei",3,Nu,Atelier,Senin,Scazut,2025-05-01,15:08:37
2025-05-01 15:08:40+00:00,67.0,26.7,44.0,Da,"Bucuresti, Calea Plevnei",3,Nu,Atelier,Senin,Scazut,2025-05-01,15:08:40
2025-05-01 15:08:42+00:00,69.0,26.4,44.0,Da,"Bucuresti, Calea Plevnei",3,Nu,Atelier,Senin,Scazut,2025-05-01,15:08:42
2025-05-01 15:08:44+00:00,68.0,26.8,44.0,Da,"Bucuresti, Calea Plevnei",3,Nu,Atelier,Senin,Scazut,2025-05-01,15:08:44
2025-05-01 15:08:46+00:00,70.0,26.4,44.0,Da,"Bucuresti, Calea Plevnei",3,Nu,Atelier,Senin,Scazut,2025-05-01,15:08:46
2025-05-01 15:08:48+00:00,70.0,26.7,44.0,Da,"Bucuresti, Calea Plevnei",3,Nu,Atelier,Senin,Scazut,2025-05-01,15:08:48
2025-05-01 15:08:50+00:00,69.0,26.0,44.0,Da,"Bucuresti, Calea Plevnei",3,Nu,Atelier,Senin,Scazut,2025-05-01,15:08:50
2025-05-01 15:08:52+00:00,69.0,26.0,44.0,Da,"Bucuresti, Calea Plevnei",3,Nu,Atelier,Senin,Scazut,2025-05-01,15:08:52
2025-05-01 15:08:54+00:00,69.0,26.3,44.0,Da,"Bucuresti, Calea Plevnei",3,Nu,Atelier,Senin,Scazut,2025-05-01,15:08:54
2025-05-01 15:08:56+00:00,70.0,26.9,44.0,Da,"Bucuresti, Calea Plevnei",3,Nu,Atelier,Senin,Scazut,2025-05-01,15:08:56
2025-05-01 15:08:58+00:00,68.0,26.0,44.0,Da,"Bucuresti, Calea Plevnei",3,Nu,Atelier,Senin,Scazut,2025-05-01,15:08:58
2025-05-01 15:09:00+00:00,69.0,26.3,44.0,Da,"Bucuresti, Calea Plevnei",3,Nu,Atelier,Senin,Scazut,2025-05-01,15:09:00
2025-05-01 15:09:02+00:00,69.0,26.7,44.0,Da,"Bucuresti, Calea Plevnei",3,Nu,Atelier,Senin,Scazut,2025-05-01,15:09:02
2025-05-01 15:09:04+00:00,69.0,26.1,44.0,Da,"Bucuresti, Calea Plevnei",3,Nu,Atelier,Senin,Scazut,2025-05-01,15:09:04
2025-05-01 15:09:06+00:00,69.0,26.1,44.0,Da,"Bucuresti, Calea Plevnei",3,Nu,Atelier,Senin,Scazut,2025-05-01,15:09:06
2025-05-01 15:09:08+00:00,68.0,26.4,44.0,Da,"Bucuresti, Calea Plevnei",3,Nu,Atelier,Senin,Scazut,2025-05-01,15:09:08
2025-05-01 15:09:10+00:00,69.0,25.7,45.0,Da,"Bucuresti, Calea Plevnei",3,Nu,Atelier,Senin,Scazut,2025-05-01,15:09:10
2025-05-01 15:09:12+00:00,70.0,26.0,44.0,Da,"Bucuresti, Calea Plevnei",3,Nu,Atelier,Senin,Scazut,2025-05-01,15:09:12
2025-05-01 15:09:14+00:00,70.0,26.3,44.0,Da,"Bucuresti, Calea Plevnei",3,Nu,Atelier,Senin,Scazut,2025-05-01,15:09:14
2025-05-01 15:09:16+00:00,69.0,25.8,45.0,Da,"Bucuresti, Calea Plevnei",3,Nu,Atelier,Senin,Scazut,2025-05-01,15:09:16
2025-05-01 15:09:18+00:00,69.0,26.1,44.0,Da,"Bucuresti, Calea Plevnei",3,Nu,Atelier,Senin,Scazut,2025-05-01,15:09:18
2025-05-01 15:09:20+00:00,68.0,25.6,45.0,Da,"Bucuresti, Calea Plevnei",3,Nu,Atelier,Senin,Scazut,2025-05-01,15:09:20
2025-05-01 15:09:22+00:00,69.0,26.5,44.0,Da,"Bucuresti, Calea Plevnei",3,Nu,Atelier,Senin,Scazut,2025-05-01,15:09:22
2025-05-01 15:09:24+00:00,69.0,25.3,45.0,Da,"Bucuresti, Calea Plevnei",3,Nu,Atelier,Senin,Scazut,2025-05-01,15:09:24
2025-05-01 15:09:26+00:00,69.0,25.4,45.0,Da,"Bucuresti, Calea Plevnei",3,Nu,Atelier,Senin,Scazut,2025-05-01,15:09:26
2025-05-01 15:09:28+00:00,69.0,25.2,45.0,Da,"Bucuresti, Calea Plevnei",3,Nu,Atelier,Senin,Scazut,2025-05-01,15:09:28
2025-05-01 15:09:30+00:00,68.0,26.5,44.0,Da,"Bucuresti, Calea Plevnei",3,Nu,Atelier,Senin,Scazut,2025-05-01,15:09:30
2025-05-01 15:09:32+00:00,67.0,25.3,45.0,Da,"Bucuresti, Calea Plevnei",3,Nu,Atelier,Senin,Scazut,2025-05-01,15:09:32
2025-05-01 15:09:34+00:00,70.0,25.1,45.0,Da,"Bucuresti, Calea Plevnei",3,Nu,Atelier,Senin,Scazut,2025-05-01,15:09:34
2025-05-01 15:09:36+00:00,67.0,25.9,45.0,Da,"Bucuresti, Calea Plevnei",3,Nu,Atelier,Senin,Scazut,2025-05-01,15:09:36
2025-05-01 15:09:38+00:00,71.0,25.1,45.0,Da,"Bucuresti, Calea Plevnei",3,Nu,Atelier,Senin,Scazut,2025-05-01,15:09:38
2025-05-01 15:09:40+00:00,71.0,25.0,45.0,Da,"Bucuresti, Calea Plevnei",3,Nu,Atelier,Senin,Scazut,2025-05-01,15:09:40
2025-05-01 15:09:42+00:00,69.0,25.2,45.0,Da,"Bucuresti, Calea Plevnei",3,Nu,Atelier,Senin,Scazut,2025-05-01,15:09:42
2025-05-01 15:09:44+00:00,67.0,25.7,45.0,Da,"Bucuresti, Calea Plevnei",3,Nu,Atelier,Senin,Scazut,2025-05-01,15:09:44
2025-05-01 15:09:46+00:00,69.0,25.0,45.0,Da,"Bucuresti, Calea Plevnei",3,Nu,Atelier,Senin,Scazut,2025-05-01,15:09:46
2025-05-01 15:09:48+00:00,69.0,25.3,45.0,Da,"Bucuresti, Calea Plevnei",3,Nu,Atelier,Senin,Scazut,2025-05-01,15:09:48
2025-05-01 15:09:51+00:00,69.0,25.0,45.0,Da,"Bucuresti, Calea Plevnei",3,Nu,Atelier,Senin,Scazut,2025-05-01,15:09:51
2025-05-01 15:09:53+00:00,70.0,25.1,45.0,Da,"Bucuresti, Calea Plevnei",3,Nu,Atelier,Senin,Scazut,2025-05-01,15:09:53
2025-05-01 15:09:55+00:00,69.0,25.4,45.0,Da,"Bucuresti, Calea Plevnei",3,Nu,Atelier,Senin,Scazut,2025-05-01,15:09:55
2025-05-01 15:09:57+00:00,68.0,25.5,45.0,Da,"Bucuresti, Calea Plevnei",3,Nu,Atelier,Senin,Scazut,2025-05-01,15:09:57
2025-05-01 15:09:59+00:00,69.0,25.4,45.0,Da,"Bucuresti, Calea Plevnei",3,Nu,Atelier,Senin,Scazut,2025-05-01,15:09:59
2025-05-01 15:10:01+00:00,70.0,25.0,45.0,Da,"Bucuresti, Calea Plevnei",3,Nu,Atelier,Senin,Scazut,2025-05-01,15:10:01
2025-05-01 15:10:03+00:00,70.0,25.6,45.0,Da,"Bucuresti, Calea Plevnei",3,Nu,Atelier,Senin,Scazut,2025-05-01,15:10:03
2025-05-01 15:10:05+00:00,68.0,25.6,45.0,Da,"Bucuresti, Calea Plevnei",3,Nu,Atelier,Senin,Scazut,2025-05-01,15:10:05
2025-05-01 15:10:07+00:00,70.0,25.7,45.0,Da,"Bucuresti, Calea Plevnei",3,Nu,Atelier,Senin,Scazut,2025-05-01,15:10:07
2025-05-01 15:10:09+00:00,69.0,25.5,45.0,Da,"Bucuresti, Calea Plevnei",3,Nu,Atelier,Senin,Scazut,2025-05-01,15:10:09
2025-05-01 15:10:11+00:00,70.0,25.5,45.0,Da,"Bucuresti, Calea Plevnei",3,Nu,Atelier,Senin,Scazut,2025-05-01,15:10:11
2025-05-01 15:10:13+00:00,69.0,25.7,45.0,Da,"Bucuresti, Calea Plevnei",3,Nu,Atelier,Senin,Scazut,2025-05-01,15:10:13
2025-05-01 15:10:15+00:00,68.0,25.8,45.0,Da,"Bucuresti, Calea Plevnei",3,Nu,Atelier,Senin,Scazut,2025-05-01,15:10:15
2025-05-01 15:10:17+00:00,70.0,25.0,45.0,Da,"Bucuresti, Calea Plevnei",3,Nu,Atelier,Senin,Scazut,2025-05-01,15:10:17
2025-05-01 15:10:19+00:00,70.0,25.2,44.0,Da,"Bucuresti, Calea Plevnei",3,Nu,Atelier,Senin,Scazut,2025-05-01,15:10:19
2025-05-01 15:10:21+00:00,70.0,25.9,44.0,Da,"Bucuresti, Calea Plevnei",3,Nu,Atelier,Senin,Scazut,2025-05-01,15:10:21
2025-05-01 15:10:23+00:00,68.0,25.9,44.0,Da,"Bucuresti, Calea Plevnei",3,Nu,Atelier,Senin,Scazut,2025-05-01,15:10:23
2025-05-01 15:10:25+00:00,69.0,25.0,44.0,Da,"Bucuresti, Calea Plevnei",3,Nu,Atelier,Senin,Scazut,2025-05-01,15:10:25
2025-05-01 15:10:27+00:00,71.0,25.3,44.0,Da,"Bucuresti, Calea Plevnei",3,Nu,Atelier,Senin,Scazut,2025-05-01,15:10:27
2025-05-01 15:10:29+00:00,67.0,25.5,44.0,Da,"Bucuresti, Calea Plevnei",3,Nu,Atelier,Senin,Scazut,2025-05-01,15:10:29
2025-05-01 15:10:31+00:00,69.0,25.5,44.0,Da,"Bucuresti, Calea Plevnei",3,Nu,Atelier,Senin,Scazut,2025-05-01,15:10:31
2025-05-01 15:10:33+00:00,69.0,25.5,44.0,Da,"Bucuresti, Calea Plevnei",3,Nu,Atelier,Senin,Scazut,2025-05-01,15:10:33
2025-05-01 15:10:35+00:00,69.0,25.2,44.0,Da,"Bucuresti, Calea Plevnei",3,Nu,Atelier,Senin,Scazut,2025-05-01,15:10:35
2025-05-01 15:10:37+00:00,69.0,25.8,44.0,Da,"Bucuresti, Calea Plevnei",3,Nu,Atelier,Senin,Scazut,2025-05-01,15:10:37
2025-05-01 15:10:39+00:00,69.0,25.3,44.0,Da,"Bucuresti, Calea Plevnei",3,Nu,Atelier,Senin,Scazut,2025-05-01,15:10:39
2025-05-01 15:10:41+00:00,68.0,25.6,44.0,Da,"Bucuresti, Calea Plevnei",3,Nu,Atelier,Senin,Scazut,2025-05-01,15:10:41
2025-05-01 15:10:43+00:00,70.0,25.4,45.0,Da,"Bucuresti, Calea Plevnei",3,Nu,Atelier,Senin,Scazut,2025-05-01,15:10:43
2025-05-01 15:10:45+00:00,67.0,25.6,45.0,Da,"Bucuresti, Calea Plevnei",3,Nu,Atelier,Senin,Scazut,2025-05-01,15:10:45
2025-05-01 15:10:47+00:00,69.0,25.2,45.0,Da,"Bucuresti, Calea Plevnei",3,Nu,Atelier,Senin,Scazut,2025-05-01,15:10:47
2025-05-01 15:10:49+00:00,67.0,25.6,44.0,Da,"Bucuresti, Calea Plevnei",3,Nu,Atelier,Senin,Scazut,2025-05-01,15:10:49
2025-05-01 15:10:51+00:00,69.0,25.4,44.0,Da,"Bucuresti, Calea Plevnei",3,Nu,Atelier,Senin,Scazut,2025-05-01,15:10:51
2025-05-01 15:10:53+00:00,69.0,25.9,44.0,Da,"Bucuresti, Calea Plevnei",3,Nu,Atelier,Senin,Scazut,2025-05-01,15:10:53
2025-05-01 15:10:55+00:00,68.0,25.6,44.0,Da,"Bucuresti, Calea Plevnei",3,Nu,Atelier,Senin,Scazut,2025-05-01,15:10:55
2025-05-01 15:10:57+00:00,70.0,25.2,44.0,Da,"Bucuresti, Calea Plevnei",3,Nu,Atelier,Senin,Scazut,2025-05-01,15:10:57
2025-05-01 15:10:59+00:00,68.0,25.5,44.0,Da,"Bucuresti, Calea Plevnei",3,Nu,Atelier,Senin,Scazut,2025-05-01,15:10:59
2025-05-01 15:11:02+00:00,69.0,25.1,44.0,Da,"Bucuresti, Calea Plevnei",3,Nu,Atelier,Senin,Scazut,2025-05-01,15:11:02
2025-05-01 15:11:04+00:00,69.0,25.8,44.0,Da,"Bucuresti, Calea Plevnei",3,Nu,Atelier,Senin,Scazut,2025-05-01,15:11:04
2025-05-01 15:11:06+00:00,70.0,25.6,44.0,Da,"Bucuresti, Calea Plevnei",3,Nu,Atelier,Senin,Scazut,2025-05-01,15:11:06
2025-05-01 15:11:08+00:00,71.0,25.3,44.0,Da,"Bucuresti, Calea Plevnei",3,Nu,Atelier,Senin,Scazut,2025-05-01,15:11:08
2025-05-01 15:11:10+00:00,70.0,25.6,44.0,Da,"Bucuresti, Calea Plevnei",3,Nu,Atelier,Senin,Scazut,2025-05-01,15:11:10
2025-05-01 15:11:12+00:00,70.0,25.3,44.0,Da,"Bucuresti, Calea Plevnei",3,Nu,Atelier,Senin,Scazut,2025-05-01,15:11:12
2025-05-01 15:34:05+00:00,54.0,26.8,45.0,Nu,"Bucuresti, Calea Plevnei",3,Nu,Atelier,Senin,Scazut,2025-05-01,15:34:05
2025-05-01 15:34:07+00:00,54.0,26.6,45.0,Nu,"Bucuresti, Calea Plevnei",3,Nu,Atelier,Senin,Scazut,2025-05-01,15:34:07
2025-05-01 15:34:09+00:00,56.0,26.6,45.0,Nu,"Bucuresti, Calea Plevnei",3,Nu,Atelier,Senin,Scazut,2025-05-01,15:34:09
2025-05-01 15:34:11+00:00,55.0,26.5,45.0,Nu,"Bucuresti, Calea Plevnei",3,Nu,Atelier,Senin,Scazut,2025-05-01,15:34:11
2025-05-01 15:34:13+00:00,56.0,26.3,45.0,Nu,"Bucuresti, Calea Plevnei",3,Nu,Atelier,Senin,Scazut,2025-05-01,15:34:13
2025-05-01 15:34:15+00:00,56.0,26.1,45.0,Nu,"Bucuresti, Calea Plevnei",3,Nu,Atelier,Senin,Scazut,2025-05-01,15:34:15
2025-05-01 15:34:17+00:00,55.0,26.4,45.0,Nu,"Bucuresti, Calea Plevnei",3,Nu,Atelier,Senin,Scazut,2025-05-01,15:34:17
2025-05-01 15:34:19+00:00,57.0,26.0,45.0,Nu,"Bucuresti, Calea Plevnei",3,Nu,Atelier,Senin,Scazut,2025-05-01,15:34:19
2025-05-01 15:34:21+00:00,56.0,26.2,45.0,Nu,"Bucuresti, Calea Plevnei",3,Nu,Atelier,Senin,Scazut,2025-05-01,15:34:21
2025-05-01 15:34:23+00:00,54.0,26.9,45.0,Nu,"Bucuresti, Calea Plevnei",3,Nu,Atelier,Senin,Scazut,2025-05-01,15:34:23
2025-05-01 15:34:25+00:00,57.0,26.5,45.0,Nu,"Bucuresti, Calea Plevnei",3,Nu,Atelier,Senin,Scazut,2025-05-01,15:34:25
2025-05-01 15:34:27+00:00,54.0,26.1,45.0,Nu,"Bucuresti, Calea Plevnei",3,Nu,Atelier,Senin,Scazut,2025-05-01,15:34:27
2025-05-01 15:34:29+00:00,54.0,26.0,45.0,Nu,"Bucuresti, Calea Plevnei",3,Nu,Atelier,Senin,Scazut,2025-05-01,15:34:29
2025-05-01 15:34:31+00:00,57.0,26.7,45.0,Nu,"Bucuresti, Calea Plevnei",3,Nu,Atelier,Senin,Scazut,2025-05-01,15:34:31
2025-05-01 15:34:33+00:00,55.0,26.7,45.0,Nu,"Bucuresti, Calea Plevnei",3,Nu,Atelier,Senin,Scazut,2025-05-01,15:34:33
2025-05-01 15:34:35+00:00,57.0,26.7,45.0,Nu,"Bucuresti, Calea Plevnei",3,Nu,Atelier,Senin,Scazut,2025-05-01,15:34:35
2025-05-01 15:34:37+00:00,56.0,26.7,45.0,Nu,"Bucuresti, Calea Plevnei",3,Nu,Atelier,Senin,Scazut,2025-05-01,15:34:37
2025-05-01 15:34:40+00:00,57.0,26.7,45.0,Nu,"Bucuresti, Calea Plevnei",3,Nu,Atelier,Senin,Scazut,2025-05-01,15:34:40
2025-05-01 15:34:42+00:00,58.0,26.9,45.0,Nu,"Bucuresti, Calea Plevnei",3,Nu,Atelier,Senin,Scazut,2025-05-01,15:34:42
2025-05-01 15:34:44+00:00,57.0,26.9,45.0,Nu,"Bucuresti, Calea Plevnei",3,Nu,Atelier,Senin,Scazut,2025-05-01,15:34:44
2025-05-01 15:34:46+00:00,57.0,26.5,45.0,Nu,"Bucuresti, Calea Plevnei",3,Nu,Atelier,Senin,Scazut,2025-05-01,15:34:46
2025-05-01 15:34:48+00:00,57.0,26.8,45.0,Nu,"Bucuresti, Calea Plevnei",3,Nu,Atelier,Senin,Scazut,2025-05-01,15:34:48
2025-05-01 15:34:50+00:00,55.0,26.4,45.0,Nu,"Bucuresti, Calea Plevnei",3,Nu,Atelier,Senin,Scazut,2025-05-01,15:34:50
2025-05-01 15:34:52+00:00,56.0,26.7,45.0,Nu,"Bucuresti, Calea Plevnei",3,Nu,Atelier,Senin,Scazut,2025-05-01,15:34:52
2025-05-01 15:34:54+00:00,56.0,26.5,45.0,Nu,"Bucuresti, Calea Plevnei",3,Nu,Atelier,Senin,Scazut,2025-05-01,15:34:54
2025-05-01 15:34:56+00:00,57.0,26.8,45.0,Nu,"Bucuresti, Calea Plevnei",3,Nu,Atelier,Senin,Scazut,2025-05-01,15:34:56
2025-05-01 15:34:58+00:00,58.0,26.4,45.0,Nu,"Bucuresti, Calea Plevnei",3,Nu,Atelier,Senin,Scazut,2025-05-01,15:34:58
2025-05-01 15:35:00+00:00,57.0,26.8,45.0,Nu,"Bucuresti, Calea Plevnei",3,Nu,Atelier,Senin,Scazut,2025-05-01,15:35:00
2025-05-01 15:35:02+00:00,58.0,26.5,45.0,Nu,"Bucuresti, Calea Plevnei",3,Nu,Atelier,Senin,Scazut,2025-05-01,15:35:02
2025-05-01 15:35:04+00:00,55.0,26.9,45.0,Nu,"Bucuresti, Calea Plevnei",3,Nu,Atelier,Senin,Scazut,2025-05-01,15:35:04
2025-05-01 15:35:06+00:00,56.0,26.9,45.0,Nu,"Bucuresti, Calea Plevnei",3,Nu,Atelier,Senin,Scazut,2025-05-01,15:35:06
2025-05-01 15:35:08+00:00,58.0,26.5,45.0,Nu,"Bucuresti, Calea Plevnei",3,Nu,Atelier,Senin,Scazut,2025-05-01,15:35:08
2025-05-01 15:35:10+00:00,53.0,26.9,45.0,Nu,"Bucuresti, Calea Plevnei",3,Nu,Atelier,Senin,Scazut,2025-05-01,15:35:10
2025-05-01 15:35:12+00:00,56.0,26.8,45.0,Nu,"Bucuresti, Calea Plevnei",3,Nu,Atelier,Senin,Scazut,2025-05-01,15:35:12
2025-05-01 15:35:14+00:00,56.0,26.5,45.0,Nu,"Bucuresti, Calea Plevnei",3,Nu,Atelier,Senin,Scazut,2025-05-01,15:35:14
2025-05-01 15:35:16+00:00,57.0,26.8,45.0,Nu,"Bucuresti, Calea Plevnei",3,Nu,Atelier,Senin,Scazut,2025-05-01,15:35:16
2025-05-01 15:35:18+00:00,55.0,26.4,45.0,Nu,"Bucuresti, Calea Plevnei",3,Nu,Atelier,Senin,Scazut,2025-05-01,15:35:18
2025-05-01 15:35:20+00:00,57.0,26.5,45.0,Nu,"Bucuresti, Calea Plevnei",3,Nu,Atelier,Senin,Scazut,2025-05-01,15:35:20
2025-05-01 15:35:22+00:00,56.0,26.8,45.0,Nu,"Bucuresti, Calea Plevnei",3,Nu,Atelier,Senin,Scazut,2025-05-01,15:35:22
2025-05-01 15:35:24+00:00,56.0,26.4,45.0,Nu,"Bucuresti, Calea Plevnei",3,Nu,Atelier,Senin,Scazut,2025-05-01,15:35:24
2025-05-01 15:35:26+00:00,57.0,26.6,45.0,Nu,"Bucuresti, Calea Plevnei",3,Nu,Atelier,Senin,Scazut,2025-05-01,15:35:26
2025-05-01 15:35:28+00:00,57.0,26.2,45.0,Nu,"Bucuresti, Calea Plevnei",3,Nu,Atelier,Senin,Scazut,2025-05-01,15:35:28
2025-05-01 15:35:30+00:00,55.0,26.1,45.0,Nu,"Bucuresti, Calea Plevnei",3,Nu,Atelier,Senin,Scazut,2025-05-01,15:35:30
2025-05-01 15:35:32+00:00,57.0,26.8,45.0,Nu,"Bucuresti, Calea Plevnei",3,Nu,Atelier,Senin,Scazut,2025-05-01,15:35:32
2025-05-01 15:35:34+00:00,57.0,26.2,45.0,Nu,"Bucuresti, Calea Plevnei",3,Nu,Atelier,Senin,Scazut,2025-05-01,15:35:34
2025-05-01 15:35:36+00:00,55.0,26.6,45.0,Nu,"Bucuresti, Calea Plevnei",3,Nu,Atelier,Senin,Scazut,2025-05-01,15:35:36
2025-05-01 15:35:38+00:00,56.0,26.0,45.0,Nu,"Bucuresti, Calea Plevnei",3,Nu,Atelier,Senin,Scazut,2025-05-01,15:35:38
2025-05-01 15:35:40+00:00,57.0,26.7,45.0,Nu,"Bucuresti, Calea Plevnei",3,Nu,Atelier,Senin,Scazut,2025-05-01,15:35:40
2025-05-01 15:35:42+00:00,55.0,26.4,45.0,Nu,"Bucuresti, Calea Plevnei",3,Nu,Atelier,Senin,Scazut,2025-05-01,15:35:42
2025-05-01 15:35:44+00:00,57.0,26.7,45.0,Nu,"Bucuresti, Calea Plevnei",3,Nu,Atelier,Senin,Scazut,2025-05-01,15:35:44
2025-05-01 15:35:46+00:00,57.0,26.2,45.0,Nu,"Bucuresti, Calea Plevnei",3,Nu,Atelier,Senin,Scazut,2025-05-01,15:35:46
2025-05-01 15:35:48+00:00,54.0,26.4,45.0,Nu,"Bucuresti, Calea Plevnei",3,Nu,Atelier,Senin,Scazut,2025-05-01,15:35:48
2025-05-01 15:35:51+00:00,58.0,26.0,45.0,Nu,"Bucuresti, Calea Plevnei",3,Nu,Atelier,Senin,Scazut,2025-05-01,15:35:51
2025-05-01 15:35:53+00:00,54.0,26.2,45.0,Nu,"Bucuresti, Calea Plevnei",3,Nu,Atelier,Senin,Scazut,2025-05-01,15:35:53
2025-05-01 15:35:55+00:00,54.0,26.0,45.0,Nu,"Bucuresti, Calea Plevnei",3,Nu,Atelier,Senin,Scazut,2025-05-01,15:35:55
2025-05-01 15:35:57+00:00,58.0,26.1,45.0,Nu,"Bucuresti, Calea Plevnei",3,Nu,Atelier,Senin,Scazut,2025-05-01,15:35:57
2025-05-01 15:35:59+00:00,56.0,26.0,45.0,Nu,"Bucuresti, Calea Plevnei",3,Nu,Atelier,Senin,Scazut,2025-05-01,15:35:59
2025-05-01 15:36:01+00:00,55.0,26.7,45.0,Nu,"Bucuresti, Calea Plevnei",3,Nu,Atelier,Senin,Scazut,2025-05-01,15:36:01
2025-05-01 15:36:03+00:00,55.0,26.3,45.0,Nu,"Bucuresti, Calea Plevnei",3,Nu,Atelier,Senin,Scazut,2025-05-01,15:36:03
2025-05-01 15:36:05+00:00,57.0,26.6,45.0,Nu,"Bucuresti, Calea Plevnei",3,Nu,Atelier,Senin,Scazut,2025-05-01,15:36:05
2025-05-01 15:36:07+00:00,54.0,26.2,45.0,Nu,"Bucuresti, Calea Plevnei",3,Nu,Atelier,Senin,Scazut,2025-05-01,15:36:07
2025-05-01 15:36:09+00:00,57.0,26.9,45.0,Nu,"Bucuresti, Calea Plevnei",3,Nu,Atelier,Senin,Scazut,2025-05-01,15:36:09
2025-05-01 15:36:11+00:00,57.0,26.6,45.0,Nu,"Bucuresti, Calea Plevnei",3,Nu,Atelier,Senin,Scazut,2025-05-01,15:36:11
2025-05-01 15:36:13+00:00,56.0,26.2,45.0,Nu,"Bucuresti, Calea Plevnei",3,Nu,Atelier,Senin,Scazut,2025-05-01,15:36:13
2025-05-01 15:36:15+00:00,55.0,26.2,45.0,Nu,"Bucuresti, Calea Plevnei",3,Nu,Atelier,Senin,Scazut,2025-05-01,15:36:15
2025-05-01 15:36:17+00:00,54.0,26.0,45.0,Nu,"Bucuresti, Calea Plevnei",3,Nu,Atelier,Senin,Scazut,2025-05-01,15:36:17
2025-05-01 15:36:19+00:00,57.0,26.9,45.0,Nu,"Bucuresti, Calea Plevnei",3,Nu,Atelier,Senin,Scazut,2025-05-01,15:36:19
2025-05-01 15:36:21+00:00,56.0,26.3,45.0,Nu,"Bucuresti, Calea Plevnei",3,Nu,Atelier,Senin,Scazut,2025-05-01,15:36:21
2025-05-01 15:36:23+00:00,57.0,26.9,45.0,Nu,"Bucuresti, Calea Plevnei",3,Nu,Atelier,Senin,Scazut,2025-05-01,15:36:23
2025-05-01 15:36:25+00:00,55.0,26.6,45.0,Nu,"Bucuresti, Calea Plevnei",3,Nu,Atelier,Senin,Scazut,2025-05-01,15:36:25
2025-05-01 15:36:27+00:00,57.0,26.4,45.0,Nu,"Bucuresti, Calea Plevnei",3,Nu,Atelier,Senin,Scazut,2025-05-01,15:36:27
2025-05-01 15:36:29+00:00,54.0,26.9,46.0,Nu,"Bucuresti, Calea Plevnei",3,Nu,Atelier,Senin,Scazut,2025-05-01,15:36:29
2025-05-01 15:36:31+00:00,54.0,26.3,46.0,Nu,"Bucuresti, Calea Plevnei",3,Nu,Atelier,Senin,Scazut,2025-05-01,15:36:31
2025-05-01 15:36:33+00:00,57.0,26.2,46.0,Nu,"Bucuresti, Calea Plevnei",3,Nu,Atelier,Senin,Scazut,2025-05-01,15:36:33
2025-05-01 15:36:35+00:00,57.0,26.7,46.0,Nu,"Bucuresti, Calea Plevnei",3,Nu,Atelier,Senin,Scazut,2025-05-01,15:36:35
2025-05-01 15:36:37+00:00,56.0,26.1,46.0,Nu,"Bucuresti, Calea Plevnei",3,Nu,Atelier,Senin,Scazut,2025-05-01,15:36:37
2025-05-01 15:36:39+00:00,56.0,26.0,46.0,Nu,"Bucuresti, Calea Plevnei",3,Nu,Atelier,Senin,Scazut,2025-05-01,15:36:39
2025-05-01 15:36:41+00:00,58.0,26.5,46.0,Nu,"Bucuresti, Calea Plevnei",3,Nu,Atelier,Senin,Scazut,2025-05-01,15:36:41
2025-05-01 15:36:43+00:00,54.0,26.2,46.0,Nu,"Bucuresti, Calea Plevnei",3,Nu,Atelier,Senin,Scazut,2025-05-01,15:36:43
2025-05-01 15:36:45+00:00,56.0,26.6,46.0,Nu,"Bucuresti, Calea Plevnei",3,Nu,Atelier,Senin,Scazut,2025-05-01,15:36:45
2025-05-01 15:36:47+00:00,56.0,26.3,46.0,Nu,"Bucuresti, Calea Plevnei",3,Nu,Atelier,Senin,Scazut,2025-05-01,15:36:47
2025-05-01 15:36:49+00:00,55.0,26.1,46.0,Nu,"Bucuresti, Calea Plevnei",3,Nu,Atelier,Senin,Scazut,2025-05-01,15:36:49
2025-05-01 15:36:51+00:00,57.0,26.1,46.0,Nu,"Bucuresti, Calea Plevnei",3,Nu,Atelier,Senin,Scazut,2025-05-01,15:36:51
2025-05-01 15:36:53+00:00,57.0,26.0,46.0,Nu,"Bucuresti, Calea Plevnei",3,Nu,Atelier,Senin,Scazut,2025-05-01,15:36:53
2025-05-01 15:36:55+00:00,56.0,26.5,46.0,Nu,"Bucuresti, Calea Plevnei",3,Nu,Atelier,Senin,Scazut,2025-05-01,15:36:55
2025-05-01 15:36:57+00:00,57.0,26.1,46.0,Nu,"Bucuresti, Calea Plevnei",3,Nu,Atelier,Senin,Scazut,2025-05-01,15:36:57
2025-05-01 15:36:59+00:00,56.0,26.7,46.0,Nu,"Bucuresti, Calea Plevnei",3,Nu,Atelier,Senin,Scazut,2025-05-01,15:36:59
2025-05-01 15:37:02+00:00,56.0,26.0,46.0,Nu,"Bucuresti, Calea Plevnei",3,Nu,Atelier,Senin,Scazut,2025-05-01,15:37:02
2025-05-01 15:37:04+00:00,57.0,26.7,46.0,Nu,"Bucuresti, Calea Plevnei",3,Nu,Atelier,Senin,Scazut,2025-05-01,15:37:04
2025-05-01 15:37:06+00:00,54.0,26.9,46.0,Nu,"Bucuresti, Calea Plevnei",3,Nu,Atelier,Senin,Scazut,2025-05-01,15:37:06
2025-05-01 15:37:08+00:00,58.0,26.3,46.0,Nu,"Bucuresti, Calea Plevnei",3,Nu,Atelier,Senin,Scazut,2025-05-01,15:37:08
2025-05-01 15:37:10+00:00,57.0,26.9,46.0,Nu,"Bucuresti, Calea Plevnei",3,Nu,Atelier,Senin,Scazut,2025-05-01,15:37:10
2025-05-01 15:37:12+00:00,56.0,26.2,46.0,Nu,"Bucuresti, Calea Plevnei",3,Nu,Atelier,Senin,Scazut,2025-05-01,15:37:12
2025-05-01 15:37:14+00:00,55.0,26.3,46.0,Nu,"Bucuresti, Calea Plevnei",3,Nu,Atelier,Senin,Scazut,2025-05-01,15:37:14
2025-05-01 15:37:16+00:00,56.0,26.9,46.0,Nu,"Bucuresti, Calea Plevnei",3,Nu,Atelier,Senin,Scazut,2025-05-01,15:37:16
2025-05-01 15:37:18+00:00,55.0,26.4,46.0,Nu,"Bucuresti, Calea Plevnei",3,Nu,Atelier,Senin,Scazut,2025-05-01,15:37:18
2025-05-01 15:37:20+00:00,58.0,26.5,46.0,Nu,"Bucuresti, Calea Plevnei",3,Nu,Atelier,Senin,Scazut,2025-05-01,15:37:20
2025-05-01 15:37:22+00:00,58.0,26.3,46.0,Nu,"Bucuresti, Calea Plevnei",3,Nu,Atelier,Senin,Scazut,2025-05-01,15:37:22
2025-05-01 15:37:24+00:00,56.0,26.9,46.0,Nu,"Bucuresti, Calea Plevnei",3,Nu,Atelier,Senin,Scazut,2025-05-01,15:37:24
2025-05-01 15:37:26+00:00,58.0,26.2,46.0,Nu,"Bucuresti, Calea Plevnei",3,Nu,Atelier,Senin,Scazut,2025-05-01,15:37:26
2025-05-01 15:49:08+00:00,66.0,26.7,53.0,Nu,"Bucuresti, Calea Plevnei",3,Da,Atelier,Senin,Scazut,2025-05-01,15:49:08
2025-05-01 15:49:10+00:00,68.0,26.3,54.0,Nu,"Bucuresti, Calea Plevnei",3,Da,Atelier,Senin,Scazut,2025-05-01,15:49:10
2025-05-01 15:49:12+00:00,67.0,26.3,52.0,Nu,"Bucuresti, Calea Plevnei",3,Da,Atelier,Senin,Scazut,2025-05-01,15:49:12
2025-05-01 15:49:14+00:00,68.0,26.0,51.0,Nu,"Bucuresti, Calea Plevnei",3,Da,Atelier,Senin,Scazut,2025-05-01,15:49:14
2025-05-01 15:49:16+00:00,65.0,26.3,50.0,Nu,"Bucuresti, Calea Plevnei",3,Da,Atelier,Senin,Scazut,2025-05-01,15:49:16
2025-05-01 15:49:18+00:00,68.0,26.9,49.0,Nu,"Bucuresti, Calea Plevnei",3,Da,Atelier,Senin,Scazut,2025-05-01,15:49:18
2025-05-01 15:49:20+00:00,67.0,26.1,48.0,Nu,"Bucuresti, Calea Plevnei",3,Da,Atelier,Senin,Scazut,2025-05-01,15:49:20
2025-05-01 15:49:22+00:00,69.0,26.1,48.0,Nu,"Bucuresti, Calea Plevnei",3,Da,Atelier,Senin,Scazut,2025-05-01,15:49:22
2025-05-01 15:49:24+00:00,69.0,26.6,47.0,Nu,"Bucuresti, Calea Plevnei",3,Da,Atelier,Senin,Scazut,2025-05-01,15:49:24
2025-05-01 15:49:26+00:00,68.0,26.7,47.0,Nu,"Bucuresti, Calea Plevnei",3,Da,Atelier,Senin,Scazut,2025-05-01,15:49:26
2025-05-01 15:49:28+00:00,68.0,26.3,47.0,Nu,"Bucuresti, Calea Plevnei",3,Da,Atelier,Senin,Scazut,2025-05-01,15:49:28
2025-05-01 15:49:30+00:00,71.0,26.6,48.0,Nu,"Bucuresti, Calea Plevnei",3,Da,Atelier,Senin,Scazut,2025-05-01,15:49:30
2025-05-01 15:49:32+00:00,65.0,26.1,49.0,Nu,"Bucuresti, Calea Plevnei",3,Da,Atelier,Senin,Scazut,2025-05-01,15:49:32
2025-05-01 15:49:34+00:00,65.0,26.5,50.0,Nu,"Bucuresti, Calea Plevnei",3,Da,Atelier,Senin,Scazut,2025-05-01,15:49:34
2025-05-01 15:49:36+00:00,64.0,26.3,51.0,Nu,"Bucuresti, Calea Plevnei",3,Da,Atelier,Senin,Scazut,2025-05-01,15:49:36
2025-05-01 15:49:38+00:00,66.0,26.9,51.0,Nu,"Bucuresti, Calea Plevnei",3,Da,Atelier,Senin,Scazut,2025-05-01,15:49:38
2025-05-01 15:49:40+00:00,68.0,26.9,51.0,Nu,"Bucuresti, Calea Plevnei",3,Da,Atelier,Senin,Scazut,2025-05-01,15:49:40
2025-05-01 15:49:42+00:00,69.0,26.9,52.0,Nu,"Bucuresti, Calea Plevnei",3,Da,Atelier,Senin,Scazut,2025-05-01,15:49:42
2025-05-01 15:49:44+00:00,67.0,26.3,52.0,Nu,"Bucuresti, Calea Plevnei",3,Da,Atelier,Senin,Scazut,2025-05-01,15:49:44
2025-05-01 15:49:46+00:00,67.0,26.3,52.0,Nu,"Bucuresti, Calea Plevnei",3,Da,Atelier,Senin,Scazut,2025-05-01,15:49:46
2025-05-01 15:49:48+00:00,66.0,27.6,52.0,Nu,"Bucuresti, Calea Plevnei",3,Da,Atelier,Senin,Scazut,2025-05-01,15:49:48
2025-05-01 15:49:50+00:00,66.0,27.2,52.0,Nu,"Bucuresti, Calea Plevnei",3,Da,Atelier,Senin,Scazut,2025-05-01,15:49:50
2025-05-01 15:49:52+00:00,65.0,27.1,53.0,Nu,"Bucuresti, Calea Plevnei",3,Da,Atelier,Senin,Scazut,2025-05-01,15:49:52
2025-05-01 15:49:54+00:00,65.0,27.6,53.0,Nu,"Bucuresti, Calea Plevnei",3,Da,Atelier,Senin,Scazut,2025-05-01,15:49:54
2025-05-01 15:49:56+00:00,66.0,27.1,54.0,Nu,"Bucuresti, Calea Plevnei",3,Da,Atelier,Senin,Scazut,2025-05-01,15:49:56
2025-05-01 15:49:58+00:00,66.0,27.1,54.0,Nu,"Bucuresti, Calea Plevnei",3,Da,Atelier,Senin,Scazut,2025-05-01,15:49:58
2025-05-01 15:50:01+00:00,65.0,27.9,54.0,Nu,"Bucuresti, Calea Plevnei",3,Da,Atelier,Senin,Scazut,2025-05-01,15:50:01
2025-05-01 15:50:03+00:00,63.0,27.7,53.0,Nu,"Bucuresti, Calea Plevnei",3,Da,Atelier,Senin,Scazut,2025-05-01,15:50:03
2025-05-01 15:50:05+00:00,64.0,27.3,51.0,Nu,"Bucuresti, Calea Plevnei",3,Da,Atelier,Senin,Scazut,2025-05-01,15:50:05
2025-05-01 15:50:07+00:00,65.0,27.5,50.0,Nu,"Bucuresti, Calea Plevnei",3,Da,Atelier,Senin,Scazut,2025-05-01,15:50:07
2025-05-01 15:50:09+00:00,64.0,27.7,49.0,Nu,"Bucuresti, Calea Plevnei",3,Da,Atelier,Senin,Scazut,2025-05-01,15:50:09
2025-05-01 15:50:11+00:00,61.0,27.6,49.0,Nu,"Bucuresti, Calea Plevnei",3,Da,Atelier,Senin,Scazut,2025-05-01,15:50:11
2025-05-01 15:50:13+00:00,62.0,27.9,48.0,Nu,"Bucuresti, Calea Plevnei",3,Da,Atelier,Senin,Scazut,2025-05-01,15:50:13
2025-05-01 15:50:15+00:00,62.0,27.1,47.0,Nu,"Bucuresti, Calea Plevnei",3,Da,Atelier,Senin,Scazut,2025-05-01,15:50:15
2025-05-01 15:50:17+00:00,62.0,27.2,47.0,Nu,"Bucuresti, Calea Plevnei",3,Da,Atelier,Senin,Scazut,2025-05-01,15:50:17
2025-05-01 15:50:19+00:00,63.0,27.7,46.0,Nu,"Bucuresti, Calea Plevnei",3,Da,Atelier,Senin,Scazut,2025-05-01,15:50:19
2025-05-01 15:50:21+00:00,64.0,27.2,46.0,Nu,"Bucuresti, Calea Plevnei",3,Da,Atelier,Senin,Scazut,2025-05-01,15:50:21
2025-05-01 15:50:23+00:00,64.0,27.1,46.0,Nu,"Bucuresti, Calea Plevnei",3,Da,Atelier,Senin,Scazut,2025-05-01,15:50:23
2025-05-01 15:50:25+00:00,66.0,27.4,46.0,Nu,"Bucuresti, Calea Plevnei",3,Da,Atelier,Senin,Scazut,2025-05-01,15:50:25
2025-05-01 15:50:27+00:00,65.0,27.8,45.0,Nu,"Bucuresti, Calea Plevnei",3,Da,Atelier,Senin,Scazut,2025-05-01,15:50:27
2025-05-01 15:50:29+00:00,63.0,27.1,45.0,Nu,"Bucuresti, Calea Plevnei",3,Da,Atelier,Senin,Scazut,2025-05-01,15:50:29
2025-05-01 15:50:31+00:00,63.0,26.8,46.0,Nu,"Bucuresti, Calea Plevnei",3,Da,Atelier,Senin,Scazut,2025-05-01,15:50:31
2025-05-01 15:50:33+00:00,61.0,26.8,45.0,Nu,"Bucuresti, Calea Plevnei",3,Da,Atelier,Senin,Scazut,2025-05-01,15:50:33
2025-05-01 15:50:35+00:00,62.0,26.4,45.0,Nu,"Bucuresti, Calea Plevnei",3,Da,Atelier,Senin,Scazut,2025-05-01,15:50:35
2025-05-01 15:50:37+00:00,62.0,26.7,45.0,Nu,"Bucuresti, Calea Plevnei",3,Da,Atelier,Senin,Scazut,2025-05-01,15:50:37
2025-05-01 15:50:39+00:00,61.0,26.6,45.0,Nu,"Bucuresti, Calea Plevnei",3,Da,Atelier,Senin,Scazut,2025-05-01,15:50:39
2025-05-01 15:50:41+00:00,62.0,26.2,45.0,Nu,"Bucuresti, Calea Plevnei",3,Da,Atelier,Senin,Scazut,2025-05-01,15:50:41
2025-05-01 15:50:43+00:00,63.0,26.7,45.0,Nu,"Bucuresti, Calea Plevnei",3,Da,Atelier,Senin,Scazut,2025-05-01,15:50:43
2025-05-01 15:50:45+00:00,63.0,26.5,45.0,Nu,"Bucuresti, Calea Plevnei",3,Da,Atelier,Senin,Scazut,2025-05-01,15:50:45
2025-05-01 15:50:47+00:00,62.0,26.5,45.0,Nu,"Bucuresti, Calea Plevnei",3,Da,Atelier,Senin,Scazut,2025-05-01,15:50:47
2025-05-01 15:50:49+00:00,63.0,26.2,45.0,Nu,"Bucuresti, Calea Plevnei",3,Da,Atelier,Senin,Scazut,2025-05-01,15:50:49
2025-05-01 15:50:51+00:00,62.0,26.5,45.0,Nu,"Bucuresti, Calea Plevnei",3,Da,Atelier,Senin,Scazut,2025-05-01,15:50:51
2025-05-01 15:50:53+00:00,63.0,26.0,46.0,Nu,"Bucuresti, Calea Plevnei",3,Da,Atelier,Senin,Scazut,2025-05-01,15:50:53
2025-05-01 15:50:55+00:00,62.0,26.8,46.0,Nu,"Bucuresti, Calea Plevnei",3,Da,Atelier,Senin,Scazut,2025-05-01,15:50:55
2025-05-01 15:50:57+00:00,62.0,26.7,46.0,Nu,"Bucuresti, Calea Plevnei",3,Da,Atelier,Senin,Scazut,2025-05-01,15:50:57
2025-05-01 15:50:59+00:00,60.0,26.0,46.0,Nu,"Bucuresti, Calea Plevnei",3,Da,Atelier,Senin,Scazut,2025-05-01,15:50:59
2025-05-01 15:51:01+00:00,62.0,26.5,46.0,Nu,"Bucuresti, Calea Plevnei",3,Da,Atelier,Senin,Scazut,2025-05-01,15:51:01
2025-05-01 15:51:03+00:00,61.0,26.1,46.0,Nu,"Bucuresti, Calea Plevnei",3,Da,Atelier,Senin,Scazut,2025-05-01,15:51:03
2025-05-01 15:51:05+00:00,62.0,26.2,46.0,Nu,"Bucuresti, Calea Plevnei",3,Da,Atelier,Senin,Scazut,2025-05-01,15:51:05
2025-05-01 15:51:07+00:00,63.0,26.1,46.0,Nu,"Bucuresti, Calea Plevnei",3,Da,Atelier,Senin,Scazut,2025-05-01,15:51:07
2025-05-01 15:51:09+00:00,61.0,26.5,46.0,Nu,"Bucuresti, Calea Plevnei",3,Da,Atelier,Senin,Scazut,2025-05-01,15:51:09
2025-05-01 15:51:12+00:00,62.0,26.0,46.0,Nu,"Bucuresti, Calea Plevnei",3,Da,Atelier,Senin,Scazut,2025-05-01,15:51:12
2025-05-01 15:51:14+00:00,63.0,26.3,46.0,Nu,"Bucuresti, Calea Plevnei",3,Da,Atelier,Senin,Scazut,2025-05-01,15:51:14
2025-05-01 15:51:16+00:00,62.0,26.6,46.0,Nu,"Bucuresti, Calea Plevnei",3,Da,Atelier,Senin,Scazut,2025-05-01,15:51:16
2025-05-01 15:51:18+00:00,62.0,26.7,46.0,Nu,"Bucuresti, Calea Plevnei",3,Da,Atelier,Senin,Scazut,2025-05-01,15:51:18
2025-05-01 15:51:20+00:00,64.0,26.3,46.0,Nu,"Bucuresti, Calea Plevnei",3,Da,Atelier,Senin,Scazut,2025-05-01,15:51:20
2025-05-01 15:51:22+00:00,65.0,26.0,46.0,Nu,"Bucuresti, Calea Plevnei",3,Da,Atelier,Senin,Scazut,2025-05-01,15:51:22
2025-05-01 15:51:24+00:00,62.0,26.7,46.0,Nu,"Bucuresti, Calea Plevnei",3,Da,Atelier,Senin,Scazut,2025-05-01,15:51:24
2025-05-01 15:51:26+00:00,65.0,26.9,46.0,Nu,"Bucuresti, Calea Plevnei",3,Da,Atelier,Senin,Scazut,2025-05-01,15:51:26
2025-05-01 15:51:28+00:00,64.0,26.2,46.0,Nu,"Bucuresti, Calea Plevnei",3,Da,Atelier,Senin,Scazut,2025-05-01,15:51:28
2025-05-01 15:51:30+00:00,65.0,26.5,47.0,Nu,"Bucuresti, Calea Plevnei",3,Da,Atelier,Senin,Scazut,2025-05-01,15:51:30
2025-05-01 15:51:32+00:00,63.0,26.6,47.0,Nu,"Bucuresti, Calea Plevnei",3,Da,Atelier,Senin,Scazut,2025-05-01,15:51:32
2025-05-01 15:51:34+00:00,64.0,26.8,47.0,Nu,"Bucuresti, Calea Plevnei",3,Da,Atelier,Senin,Scazut,2025-05-01,15:51:34
2025-05-01 15:51:36+00:00,64.0,26.1,47.0,Nu,"Bucuresti, Calea Plevnei",3,Da,Atelier,Senin,Scazut,2025-05-01,15:51:36
2025-05-01 15:51:38+00:00,64.0,26.4,47.0,Nu,"Bucuresti, Calea Plevnei",3,Da,Atelier,Senin,Scazut,2025-05-01,15:51:38
2025-05-01 15:51:40+00:00,62.0,26.7,47.0,Nu,"Bucuresti, Calea Plevnei",3,Da,Atelier,Senin,Scazut,2025-05-01,15:51:40
2025-05-01 15:51:42+00:00,63.0,26.1,47.0,Nu,"Bucuresti, Calea Plevnei",3,Da,Atelier,Senin,Scazut,2025-05-01,15:51:42
2025-05-01 15:51:44+00:00,64.0,26.1,47.0,Nu,"Bucuresti, Calea Plevnei",3,Da,Atelier,Senin,Scazut,2025-05-01,15:51:44
2025-05-01 15:51:46+00:00,61.0,26.1,47.0,Nu,"Bucuresti, Calea Plevnei",3,Da,Atelier,Senin,Scazut,2025-05-01,15:51:46
2025-05-01 15:51:48+00:00,61.0,26.3,47.0,Nu,"Bucuresti, Calea Plevnei",3,Da,Atelier,Senin,Scazut,2025-05-01,15:51:48
2025-05-01 15:51:50+00:00,61.0,26.6,47.0,Nu,"Bucuresti, Calea Plevnei",3,Da,Atelier,Senin,Scazut,2025-05-01,15:51:50
2025-05-01 15:51:52+00:00,62.0,26.5,47.0,Nu,"Bucuresti, Calea Plevnei",3,Da,Atelier,Senin,Scazut,2025-05-01,15:51:52
2025-05-01 15:51:54+00:00,61.0,26.1,47.0,Nu,"Bucuresti, Calea Plevnei",3,Da,Atelier,Senin,Scazut,2025-05-01,15:51:54
2025-05-01 15:51:56+00:00,62.0,26.4,47.0,Nu,"Bucuresti, Calea Plevnei",3,Da,Atelier,Senin,Scazut,2025-05-01,15:51:56
2025-05-01 15:51:58+00:00,64.0,26.8,47.0,Nu,"Bucuresti, Calea Plevnei",3,Da,Atelier,Senin,Scazut,2025-05-01,15:51:58
2025-05-01 15:52:00+00:00,65.0,26.8,47.0,Nu,"Bucuresti, Calea Plevnei",3,Da,Atelier,Senin,Scazut,2025-05-01,15:52:00
2025-05-01 15:52:02+00:00,64.0,26.6,47.0,Nu,"Bucuresti, Calea Plevnei",3,Da,Atelier,Senin,Scazut,2025-05-01,15:52:02
2025-05-01 15:52:04+00:00,62.0,26.4,47.0,Nu,"Bucuresti, Calea Plevnei",3,Da,Atelier,Senin,Scazut,2025-05-01,15:52:04
2025-05-01 15:52:06+00:00,64.0,26.6,47.0,Nu,"Bucuresti, Calea Plevnei",3,Da,Atelier,Senin,Scazut,2025-05-01,15:52:06
2025-05-01 15:52:08+00:00,63.0,26.7,47.0,Nu,"Bucuresti, Calea Plevnei",3,Da,Atelier,Senin,Scazut,2025-05-01,15:52:08
2025-05-01 15:52:10+00:00,68.0,26.9,47.0,Nu,"Bucuresti, Calea Plevnei",3,Da,Atelier,Senin,Scazut,2025-05-01,15:52:10
2025-05-01 15:52:12+00:00,61.0,26.1,47.0,Nu,"Bucuresti, Calea Plevnei",3,Da,Atelier,Senin,Scazut,2025-05-01,15:52:12
2025-05-01 15:52:14+00:00,62.0,26.2,47.0,Nu,"Bucuresti, Calea Plevnei",3,Da,Atelier,Senin,Scazut,2025-05-01,15:52:14
2025-05-01 15:52:16+00:00,64.0,26.5,47.0,Nu,"Bucuresti, Calea Plevnei",3,Da,Atelier,Senin,Scazut,2025-05-01,15:52:16
2025-05-01 15:52:18+00:00,63.0,26.6,47.0,Nu,"Bucuresti, Calea Plevnei",3,Da,Atelier,Senin,Scazut,2025-05-01,15:52:18
2025-05-01 15:52:20+00:00,62.0,26.6,47.0,Nu,"Bucuresti, Calea Plevnei",3,Da,Atelier,Senin,Scazut,2025-05-01,15:52:20
2025-05-01 15:52:23+00:00,63.0,26.7,47.0,Nu,"Bucuresti, Calea Plevnei",3,Da,Atelier,Senin,Scazut,2025-05-01,15:52:23
2025-05-01 15:52:25+00:00,62.0,26.2,47.0,Nu,"Bucuresti, Calea Plevnei",3,Da,Atelier,Senin,Scazut,2025-05-01,15:52:25
2025-05-01 15:52:27+00:00,60.0,26.6,47.0,Nu,"Bucuresti, Calea Plevnei",3,Da,Atelier,Senin,Scazut,2025-05-01,15:52:27
2025-05-01 15:52:29+00:00,61.0,26.7,47.0,Nu,"Bucuresti, Calea Plevnei",3,Da,Atelier,Senin,Scazut,2025-05-01,15:52:29
2025-05-01 15:59:41+00:00,60.0,25.1,47.0,Da,"Bucuresti, Calea Plevnei",3,Da,Atelier,Senin,Scazut,2025-05-01,15:59:41
2025-05-01 15:59:43+00:00,61.0,25.8,47.0,Da,"Bucuresti, Calea Plevnei",3,Da,Atelier,Senin,Scazut,2025-05-01,15:59:43
2025-05-01 15:59:45+00:00,59.0,25.8,47.0,Da,"Bucuresti, Calea Plevnei",3,Da,Atelier,Senin,Scazut,2025-05-01,15:59:45
2025-05-01 15:59:47+00:00,59.0,25.5,47.0,Da,"Bucuresti, Calea Plevnei",3,Da,Atelier,Senin,Scazut,2025-05-01,15:59:47
2025-05-01 15:59:49+00:00,59.0,25.0,47.0,Da,"Bucuresti, Calea Plevnei",3,Da,Atelier,Senin,Scazut,2025-05-01,15:59:49
2025-05-01 15:59:51+00:00,58.0,25.5,47.0,Da,"Bucuresti, Calea Plevnei",3,Da,Atelier,Senin,Scazut,2025-05-01,15:59:51
2025-05-01 15:59:53+00:00,59.0,25.7,47.0,Da,"Bucuresti, Calea Plevnei",3,Da,Atelier,Senin,Scazut,2025-05-01,15:59:53
2025-05-01 15:59:55+00:00,62.0,25.1,47.0,Da,"Bucuresti, Calea Plevnei",3,Da,Atelier,Senin,Scazut,2025-05-01,15:59:55
2025-05-01 15:59:57+00:00,61.0,25.0,47.0,Da,"Bucuresti, Calea Plevnei",3,Da,Atelier,Senin,Scazut,2025-05-01,15:59:57
2025-05-01 15:59:59+00:00,61.0,25.9,47.0,Da,"Bucuresti, Calea Plevnei",3,Da,Atelier,Senin,Scazut,2025-05-01,15:59:59
2025-05-01 16:00:01+00:00,60.0,25.7,47.0,Da,"Bucuresti, Calea Plevnei",3,Da,Atelier,Senin,Scazut,2025-05-01,16:00:01
2025-05-01 16:00:03+00:00,60.0,25.8,47.0,Da,"Bucuresti, Calea Plevnei",3,Da,Atelier,Senin,Scazut,2025-05-01,16:00:03
2025-05-01 16:00:05+00:00,62.0,25.0,47.0,Da,"Bucuresti, Calea Plevnei",3,Da,Atelier,Senin,Scazut,2025-05-01,16:00:05
2025-05-01 16:00:07+00:00,60.0,25.0,47.0,Da,"Bucuresti, Calea Plevnei",3,Da,Atelier,Senin,Scazut,2025-05-01,16:00:07
2025-05-01 16:00:09+00:00,61.0,25.9,47.0,Da,"Bucuresti, Calea Plevnei",3,Da,Atelier,Senin,Scazut,2025-05-01,16:00:09
2025-05-01 16:00:11+00:00,60.0,25.4,47.0,Da,"Bucuresti, Calea Plevnei",3,Da,Atelier,Senin,Scazut,2025-05-01,16:00:11
2025-05-01 16:00:13+00:00,59.0,25.6,47.0,Da,"Bucuresti, Calea Plevnei",3,Da,Atelier,Senin,Scazut,2025-05-01,16:00:13
2025-05-01 16:00:15+00:00,62.0,25.7,47.0,Da,"Bucuresti, Calea Plevnei",3,Da,Atelier,Senin,Scazut,2025-05-01,16:00:15
2025-05-01 16:00:17+00:00,63.0,25.9,47.0,Da,"Bucuresti, Calea Plevnei",3,Da,Atelier,Senin,Scazut,2025-05-01,16:00:17
2025-05-01 16:00:19+00:00,62.0,25.5,47.0,Da,"Bucuresti, Calea Plevnei",3,Da,Atelier,Senin,Scazut,2025-05-01,16:00:19
2025-05-01 16:00:21+00:00,64.0,25.6,47.0,Da,"Bucuresti, Calea Plevnei",3,Da,Atelier,Senin,Scazut,2025-05-01,16:00:21
2025-05-01 16:00:23+00:00,64.0,25.1,47.0,Da,"Bucuresti, Calea Plevnei",3,Da,Atelier,Senin,Scazut,2025-05-01,16:00:23
2025-05-01 16:00:25+00:00,60.0,25.4,47.0,Da,"Bucuresti, Calea Plevnei",3,Da,Atelier,Senin,Scazut,2025-05-01,16:00:25
2025-05-01 16:00:27+00:00,62.0,25.8,47.0,Da,"Bucuresti, Calea Plevnei",3,Da,Atelier,Senin,Scazut,2025-05-01,16:00:27
2025-05-01 16:00:29+00:00,62.0,25.6,47.0,Da,"Bucuresti, Calea Plevnei",3,Da,Atelier,Senin,Scazut,2025-05-01,16:00:29
2025-05-01 16:00:31+00:00,62.0,25.9,47.0,Da,"Bucuresti, Calea Plevnei",3,Da,Atelier,Senin,Scazut,2025-05-01,16:00:31
2025-05-01 16:00:33+00:00,63.0,25.5,47.0,Da,"Bucuresti, Calea Plevnei",3,Da,Atelier,Senin,Scazut,2025-05-01,16:00:33
2025-05-01 16:00:35+00:00,63.0,25.4,47.0,Da,"Bucuresti, Calea Plevnei",3,Da,Atelier,Senin,Scazut,2025-05-01,16:00:35
2025-05-01 16:00:37+00:00,63.0,25.4,47.0,Da,"Bucuresti, Calea Plevnei",3,Da,Atelier,Senin,Scazut,2025-05-01,16:00:37
2025-05-01 16:00:40+00:00,64.0,25.4,47.0,Da,"Bucuresti, Calea Plevnei",3,Da,Atelier,Senin,Scazut,2025-05-01,16:00:40
2025-05-01 16:00:42+00:00,61.0,25.7,47.0,Da,"Bucuresti, Calea Plevnei",3,Da,Atelier,Senin,Scazut,2025-05-01,16:00:42
2025-05-01 16:00:44+00:00,61.0,25.0,47.0,Da,"Bucuresti, Calea Plevnei",3,Da,Atelier,Senin,Scazut,2025-05-01,16:00:44
2025-05-01 16:00:46+00:00,60.0,25.5,47.0,Da,"Bucuresti, Calea Plevnei",3,Da,Atelier,Senin,Scazut,2025-05-01,16:00:46
2025-05-01 16:00:48+00:00,61.0,25.3,47.0,Da,"Bucuresti, Calea Plevnei",3,Da,Atelier,Senin,Scazut,2025-05-01,16:00:48
2025-05-01 16:00:50+00:00,61.0,25.7,47.0,Da,"Bucuresti, Calea Plevnei",3,Da,Atelier,Senin,Scazut,2025-05-01,16:00:50
2025-05-01 16:00:52+00:00,62.0,25.9,47.0,Da,"Bucuresti, Calea Plevnei",3,Da,Atelier,Senin,Scazut,2025-05-01,16:00:52
2025-05-01 16:00:54+00:00,62.0,25.3,47.0,Da,"Bucuresti, Calea Plevnei",3,Da,Atelier,Senin,Scazut,2025-05-01,16:00:54
2025-05-01 16:00:56+00:00,60.0,25.4,47.0,Da,"Bucuresti, Calea Plevnei",3,Da,Atelier,Senin,Scazut,2025-05-01,16:00:56
2025-05-01 16:00:58+00:00,62.0,25.4,47.0,Da,"Bucuresti, Calea Plevnei",3,Da,Atelier,Senin,Scazut,2025-05-01,16:00:58
2025-05-01 16:01:00+00:00,62.0,25.5,47.0,Da,"Bucuresti, Calea Plevnei",3,Da,Atelier,Senin,Scazut,2025-05-01,16:01:00
2025-05-01 16:01:02+00:00,63.0,25.7,47.0,Da,"Bucuresti, Calea Plevnei",3,Da,Atelier,Senin,Scazut,2025-05-01,16:01:02
2025-05-01 16:01:04+00:00,61.0,25.7,47.0,Da,"Bucuresti, Calea Plevnei",3,Da,Atelier,Senin,Scazut,2025-05-01,16:01:04
2025-05-01 16:01:06+00:00,62.0,25.5,47.0,Da,"Bucuresti, Calea Plevnei",3,Da,Atelier,Senin,Scazut,2025-05-01,16:01:06
2025-05-01 16:01:08+00:00,61.0,25.2,47.0,Da,"Bucuresti, Calea Plevnei",3,Da,Atelier,Senin,Scazut,2025-05-01,16:01:08
2025-05-01 16:01:10+00:00,61.0,25.3,47.0,Da,"Bucuresti, Calea Plevnei",3,Da,Atelier,Senin,Scazut,2025-05-01,16:01:10
2025-05-01 16:01:12+00:00,61.0,25.3,47.0,Da,"Bucuresti, Calea Plevnei",3,Da,Atelier,Senin,Scazut,2025-05-01,16:01:12
2025-05-01 16:01:14+00:00,61.0,25.5,47.0,Da,"Bucuresti, Calea Plevnei",3,Da,Atelier,Senin,Scazut,2025-05-01,16:01:14
2025-05-01 16:01:16+00:00,62.0,25.2,47.0,Da,"Bucuresti, Calea Plevnei",3,Da,Atelier,Senin,Scazut,2025-05-01,16:01:16
2025-05-01 16:01:18+00:00,61.0,25.2,47.0,Da,"Bucuresti, Calea Plevnei",3,Da,Atelier,Senin,Scazut,2025-05-01,16:01:18
2025-05-01 16:01:20+00:00,65.0,25.2,47.0,Da,"Bucuresti, Calea Plevnei",3,Da,Atelier,Senin,Scazut,2025-05-01,16:01:20
2025-05-01 16:01:22+00:00,65.0,25.0,47.0,Da,"Bucuresti, Calea Plevnei",3,Da,Atelier,Senin,Scazut,2025-05-01,16:01:22
2025-05-01 16:01:24+00:00,65.0,25.3,47.0,Da,"Bucuresti, Calea Plevnei",3,Da,Atelier,Senin,Scazut,2025-05-01,16:01:24
2025-05-01 16:01:26+00:00,63.0,25.6,47.0,Da,"Bucuresti, Calea Plevnei",3,Da,Atelier,Senin,Scazut,2025-05-01,16:01:26
2025-05-01 16:01:28+00:00,62.0,25.1,47.0,Da,"Bucuresti, Calea Plevnei",3,Da,Atelier,Senin,Scazut,2025-05-01,16:01:28
2025-05-01 16:01:30+00:00,60.0,25.0,47.0,Da,"Bucuresti, Calea Plevnei",3,Da,Atelier,Senin,Scazut,2025-05-01,16:01:30
2025-05-01 16:01:32+00:00,60.0,25.0,47.0,Da,"Bucuresti, Calea Plevnei",3,Da,Atelier,Senin,Scazut,2025-05-01,16:01:32
2025-05-01 16:01:34+00:00,64.0,25.0,47.0,Da,"Bucuresti, Calea Plevnei",3,Da,Atelier,Senin,Scazut,2025-05-01,16:01:34
2025-05-01 16:01:36+00:00,63.0,25.2,47.0,Da,"Bucuresti, Calea Plevnei",3,Da,Atelier,Senin,Scazut,2025-05-01,16:01:36
2025-05-01 16:01:38+00:00,62.0,25.8,47.0,Da,"Bucuresti, Calea Plevnei",3,Da,Atelier,Senin,Scazut,2025-05-01,16:01:38
2025-05-01 16:01:40+00:00,64.0,25.2,47.0,Da,"Bucuresti, Calea Plevnei",3,Da,Atelier,Senin,Scazut,2025-05-01,16:01:40
2025-05-01 16:01:42+00:00,62.0,25.2,47.0,Da,"Bucuresti, Calea Plevnei",3,Da,Atelier,Senin,Scazut,2025-05-01,16:01:42
2025-05-01 16:01:44+00:00,63.0,25.3,47.0,Da,"Bucuresti, Calea Plevnei",3,Da,Atelier,Senin,Scazut,2025-05-01,16:01:44
2025-05-01 16:01:46+00:00,63.0,25.0,47.0,Da,"Bucuresti, Calea Plevnei",3,Da,Atelier,Senin,Scazut,2025-05-01,16:01:46
2025-05-01 16:01:48+00:00,63.0,25.2,47.0,Da,"Bucuresti, Calea Plevnei",3,Da,Atelier,Senin,Scazut,2025-05-01,16:01:48
2025-05-01 16:01:51+00:00,64.0,25.0,47.0,Da,"Bucuresti, Calea Plevnei",3,Da,Atelier,Senin,Scazut,2025-05-01,16:01:51
2025-05-01 16:01:53+00:00,61.0,25.2,47.0,Da,"Bucuresti, Calea Plevnei",3,Da,Atelier,Senin,Scazut,2025-05-01,16:01:53
2025-05-01 16:01:55+00:00,64.0,25.2,47.0,Da,"Bucuresti, Calea Plevnei",3,Da,Atelier,Senin,Scazut,2025-05-01,16:01:55
2025-05-01 16:01:57+00:00,62.0,25.9,47.0,Da,"Bucuresti, Calea Plevnei",3,Da,Atelier,Senin,Scazut,2025-05-01,16:01:57
2025-05-01 16:01:59+00:00,63.0,25.0,47.0,Da,"Bucuresti, Calea Plevnei",3,Da,Atelier,Senin,Scazut,2025-05-01,16:01:59
2025-05-01 16:02:01+00:00,64.0,25.1,47.0,Da,"Bucuresti, Calea Plevnei",3,Da,Atelier,Senin,Scazut,2025-05-01,16:02:01
2025-05-01 16:02:03+00:00,63.0,25.3,47.0,Da,"Bucuresti, Calea Plevnei",3,Da,Atelier,Senin,Scazut,2025-05-01,16:02:03
2025-05-01 16:02:05+00:00,63.0,25.6,47.0,Da,"Bucuresti, Calea Plevnei",3,Da,Atelier,Senin,Scazut,2025-05-01,16:02:05
2025-05-01 16:02:07+00:00,61.0,25.7,47.0,Da,"Bucuresti, Calea Plevnei",3,Da,Atelier,Senin,Scazut,2025-05-01,16:02:07
2025-05-01 16:02:09+00:00,62.0,25.7,47.0,Da,"Bucuresti, Calea Plevnei",3,Da,Atelier,Senin,Scazut,2025-05-01,16:02:09
2025-05-01 16:02:11+00:00,62.0,25.9,47.0,Da,"Bucuresti, Calea Plevnei",3,Da,Atelier,Senin,Scazut,2025-05-01,16:02:11
2025-05-01 16:02:13+00:00,60.0,25.6,47.0,Da,"Bucuresti, Calea Plevnei",3,Da,Atelier,Senin,Scazut,2025-05-01,16:02:13
2025-05-01 16:02:15+00:00,63.0,25.0,47.0,Da,"Bucuresti, Calea Plevnei",3,Da,Atelier,Senin,Scazut,2025-05-01,16:02:15
2025-05-01 16:02:17+00:00,62.0,25.7,47.0,Da,"Bucuresti, Calea Plevnei",3,Da,Atelier,Senin,Scazut,2025-05-01,16:02:17
2025-05-01 16:02:19+00:00,63.0,25.0,47.0,Da,"Bucuresti, Calea Plevnei",3,Da,Atelier,Senin,Scazut,2025-05-01,16:02:19
2025-05-01 16:02:21+00:00,64.0,25.8,47.0,Da,"Bucuresti, Calea Plevnei",3,Da,Atelier,Senin,Scazut,2025-05-01,16:02:21
2025-05-01 16:02:23+00:00,60.0,25.0,47.0,Da,"Bucuresti, Calea Plevnei",3,Da,Atelier,Senin,Scazut,2025-05-01,16:02:23
2025-05-01 16:02:25+00:00,61.0,25.8,47.0,Da,"Bucuresti, Calea Plevnei",3,Da,Atelier,Senin,Scazut,2025-05-01,16:02:25
2025-05-01 16:02:27+00:00,61.0,25.9,47.0,Da,"Bucuresti, Calea Plevnei",3,Da,Atelier,Senin,Scazut,2025-05-01,16:02:27
2025-05-01 16:02:29+00:00,61.0,25.0,47.0,Da,"Bucuresti, Calea Plevnei",3,Da,Atelier,Senin,Scazut,2025-05-01,16:02:29
2025-05-01 16:02:31+00:00,62.0,25.7,47.0,Da,"Bucuresti, Calea Plevnei",3,Da,Atelier,Senin,Scazut,2025-05-01,16:02:31
2025-05-01 16:02:33+00:00,61.0,25.0,47.0,Da,"Bucuresti, Calea Plevnei",3,Da,Atelier,Senin,Scazut,2025-05-01,16:02:33
2025-05-01 16:02:35+00:00,62.0,25.8,47.0,Da,"Bucuresti, Calea Plevnei",3,Da,Atelier,Senin,Scazut,2025-05-01,16:02:35
2025-05-01 16:02:37+00:00,60.0,25.9,47.0,Da,"Bucuresti, Calea Plevnei",3,Da,Atelier,Senin,Scazut,2025-05-01,16:02:37
2025-05-01 16:02:39+00:00,57.0,25.5,47.0,Da,"Bucuresti, Calea Plevnei",3,Da,Atelier,Senin,Scazut,2025-05-01,16:02:39
2025-05-01 16:02:41+00:00,61.0,25.9,47.0,Da,"Bucuresti, Calea Plevnei",3,Da,Atelier,Senin,Scazut,2025-05-01,16:02:41
2025-05-01 16:02:43+00:00,57.0,25.5,47.0,Da,"Bucuresti, Calea Plevnei",3,Da,Atelier,Senin,Scazut,2025-05-01,16:02:43
2025-05-01 16:02:45+00:00,61.0,25.3,47.0,Da,"Bucuresti, Calea Plevnei",3,Da,Atelier,Senin,Scazut,2025-05-01,16:02:45
2025-05-01 16:02:47+00:00,60.0,25.7,47.0,Da,"Bucuresti, Calea Plevnei",3,Da,Atelier,Senin,Scazut,2025-05-01,16:02:47
2025-05-01 16:02:49+00:00,61.0,25.8,47.0,Da,"Bucuresti, Calea Plevnei",3,Da,Atelier,Senin,Scazut,2025-05-01,16:02:49
2025-05-01 16:02:51+00:00,58.0,25.4,47.0,Da,"Bucuresti, Calea Plevnei",3,Da,Atelier,Senin,Scazut,2025-05-01,16:02:51
2025-05-01 16:02:53+00:00,61.0,25.4,47.0,Da,"Bucuresti, Calea Plevnei",3,Da,Atelier,Senin,Scazut,2025-05-01,16:02:53
2025-05-01 16:02:55+00:00,61.0,25.2,47.0,Da,"Bucuresti, Calea Plevnei",3,Da,Atelier,Senin,Scazut,2025-05-01,16:02:55
2025-05-01 16:02:57+00:00,63.0,25.6,47.0,Da,"Bucuresti, Calea Plevnei",3,Da,Atelier,Senin,Scazut,2025-05-01,16:02:57
2025-05-01 16:02:59+00:00,62.0,25.3,47.0,Da,"Bucuresti, Calea Plevnei",3,Da,Atelier,Senin,Scazut,2025-05-01,16:02:59
2025-05-01 16:03:02+00:00,62.0,25.6,47.0,Da,"Bucuresti, Calea Plevnei",3,Da,Atelier,Senin,Scazut,2025-05-01,16:03:02
2025-05-05 17:59:31+00:00,375.0,22.4,65.0,Da,"Pitesti, Cartier Craiovei",0,Nu,Aer liber,Innorat,Scazut,2025-05-05,17:59:31
2025-05-05 17:59:54+00:00,285.0,23.8,64.0,Da,"Pitesti, Cartier Craiovei",0,Nu,Aer liber,Innorat,Scazut,2025-05-05,17:59:54
2025-05-05 18:00:17+00:00,233.0,22.4,67.0,Da,"Pitesti, Cartier Craiovei",0,Nu,Aer liber,Innorat,Scazut,2025-05-05,18:00:17
2025-05-05 18:00:40+00:00,206.0,22.8,68.0,Da,"Pitesti, Cartier Craiovei",0,Nu,Aer liber,Innorat,Scazut,2025-05-05,18:00:40
2025-05-05 18:01:02+00:00,178.0,21.5,71.0,Da,"Pitesti, Cartier Craiovei",0,Nu,Aer liber,Innorat,Scazut,2025-05-05,18:01:02
2025-05-05 18:01:25+00:00,166.0,20.6,74.0,Da,"Pitesti, Cartier Craiovei",0,Nu,Aer liber,Innorat,Scazut,2025-05-05,18:01:25
2025-05-05 18:01:48+00:00,147.0,20.6,75.0,Da,"Pitesti, Cartier Craiovei",0,Nu,Aer liber,Innorat,Scazut,2025-05-05,18:01:48
2025-05-05 18:02:10+00:00,137.0,20.3,76.0,Da,"Pitesti, Cartier Craiovei",0,Nu,Aer liber,Innorat,Scazut,2025-05-05,18:02:10
2025-05-05 18:02:33+00:00,128.0,19.7,77.0,Da,"Pitesti, Cartier Craiovei",0,Nu,Aer liber,Innorat,Scazut,2025-05-05,18:02:33
2025-05-05 18:03:01+00:00,121.0,19.9,78.0,Da,"Pitesti, Cartier Craiovei",0,Nu,Aer liber,Innorat,Scazut,2025-05-05,18:03:01
2025-05-05 18:03:23+00:00,115.0,19.7,79.0,Da,"Pitesti, Cartier Craiovei",0,Nu,Aer liber,Innorat,Scazut,2025-05-05,18:03:23
2025-05-05 18:03:51+00:00,109.0,19.2,79.0,Da,"Pitesti, Cartier Craiovei",0,Nu,Aer liber,Innorat,Scazut,2025-05-05,18:03:51
2025-05-05 18:04:14+00:00,105.0,19.2,80.0,Da,"Pitesti, Cartier Craiovei",0,Nu,Aer liber,Innorat,Scazut,2025-05-05,18:04:14
2025-05-05 18:04:37+00:00,102.0,18.7,82.0,Da,"Pitesti, Cartier Craiovei",0,Nu,Aer liber,Innorat,Scazut,2025-05-05,18:04:37
2025-05-05 18:04:59+00:00,104.0,18.3,82.0,Da,"Pitesti, Cartier Craiovei",0,Nu,Aer liber,Innorat,Scazut,2025-05-05,18:04:59
2025-05-05 18:05:27+00:00,97.0,18.7,83.0,Da,"Pitesti, Cartier Craiovei",0,Nu,Aer liber,Innorat,Scazut,2025-05-05,18:05:27
2025-05-05 18:05:50+00:00,95.0,18.2,83.0,Da,"Pitesti, Cartier Craiovei",0,Nu,Aer liber,Innorat,Scazut,2025-05-05,18:05:50
2025-05-05 18:06:12+00:00,97.0,18.5,84.0,Da,"Pitesti, Cartier Craiovei",0,Nu,Aer liber,Innorat,Scazut,2025-05-05,18:06:12
2025-05-05 18:06:35+00:00,103.0,18.4,84.0,Da,"Pitesti, Cartier Craiovei",0,Nu,Aer liber,Innorat,Scazut,2025-05-05,18:06:35
2025-05-05 18:06:58+00:00,102.0,18.2,84.0,Da,"Pitesti, Cartier Craiovei",0,Nu,Aer liber,Innorat,Scazut,2025-05-05,18:06:58
2025-05-05 18:07:21+00:00,109.0,18.2,84.0,Da,"Pitesti, Cartier Craiovei",0,Nu,Aer liber,Innorat,Scazut,2025-05-05,18:07:21
2025-05-05 18:07:43+00:00,106.0,18.6,85.0,Da,"Pitesti, Cartier Craiovei",0,Nu,Aer liber,Innorat,Scazut,2025-05-05,18:07:43
2025-05-05 18:08:06+00:00,103.0,18.9,85.0,Da,"Pitesti, Cartier Craiovei",0,Nu,Aer liber,Innorat,Scazut,2025-05-05,18:08:06
2025-05-05 18:08:28+00:00,103.0,18.2,84.0,Da,"Pitesti, Cartier Craiovei",0,Nu,Aer liber,Innorat,Scazut,2025-05-05,18:08:28
2025-05-05 18:08:51+00:00,95.0,18.7,84.0,Da,"Pitesti, Cartier Craiovei",0,Nu,Aer liber,Innorat,Scazut,2025-05-05,18:08:51
2025-05-05 18:09:07+00:00,98.0,18.2,84.0,Da,"Pitesti, Cartier Craiovei",0,Nu,Aer liber,Innorat,Scazut,2025-05-05,18:09:07
2025-05-05 18:09:30+00:00,92.0,18.6,84.0,Da,"Pitesti, Cartier Craiovei",0,Nu,Aer liber,Innorat,Scazut,2025-05-05,18:09:30
2025-05-05 18:09:53+00:00,90.0,18.4,84.0,Da,"Pitesti, Cartier Craiovei",0,Nu,Aer liber,Innorat,Scazut,2025-05-05,18:09:53
2025-05-05 18:10:15+00:00,88.0,18.9,84.0,Da,"Pitesti, Cartier Craiovei",0,Nu,Aer liber,Innorat,Scazut,2025-05-05,18:10:15
2025-05-05 18:10:38+00:00,93.0,18.5,84.0,Da,"Pitesti, Cartier Craiovei",0,Nu,Aer liber,Innorat,Scazut,2025-05-05,18:10:38
2025-05-05 18:11:01+00:00,87.0,18.7,84.0,Da,"Pitesti, Cartier Craiovei",0,Nu,Aer liber,Innorat,Scazut,2025-05-05,18:11:01
2025-05-05 18:11:23+00:00,85.0,18.3,84.0,Da,"Pitesti, Cartier Craiovei",0,Nu,Aer liber,Innorat,Scazut,2025-05-05,18:11:23
2025-05-05 18:11:46+00:00,85.0,18.2,85.0,Da,"Pitesti, Cartier Craiovei",0,Nu,Aer liber,Innorat,Scazut,2025-05-05,18:11:46
2025-05-05 18:12:14+00:00,87.0,18.1,85.0,Da,"Pitesti, Cartier Craiovei",0,Nu,Aer liber,Innorat,Scazut,2025-05-05,18:12:14
2025-05-05 18:12:37+00:00,85.0,18.9,85.0,Da,"Pitesti, Cartier Craiovei",0,Nu,Aer liber,Innorat,Scazut,2025-05-05,18:12:37
2025-05-05 18:13:00+00:00,88.0,18.3,85.0,Da,"Pitesti, Cartier Craiovei",0,Nu,Aer liber,Innorat,Scazut,2025-05-05,18:13:00
2025-05-05 18:13:22+00:00,83.0,18.3,85.0,Da,"Pitesti, Cartier Craiovei",0,Nu,Aer liber,Innorat,Scazut,2025-05-05,18:13:22
2025-05-05 18:13:45+00:00,82.0,18.5,85.0,Da,"Pitesti, Cartier Craiovei",0,Nu,Aer liber,Innorat,Scazut,2025-05-05,18:13:45
2025-05-05 18:14:08+00:00,81.0,18.5,85.0,Da,"Pitesti, Cartier Craiovei",0,Nu,Aer liber,Innorat,Scazut,2025-05-05,18:14:08
2025-05-05 18:14:30+00:00,84.0,18.7,85.0,Da,"Pitesti, Cartier Craiovei",0,Nu,Aer liber,Innorat,Scazut,2025-05-05,18:14:30
2025-05-05 18:14:53+00:00,79.0,18.6,85.0,Da,"Pitesti, Cartier Craiovei",0,Nu,Aer liber,Innorat,Scazut,2025-05-05,18:14:53
2025-05-05 18:15:16+00:00,78.0,18.1,85.0,Da,"Pitesti, Cartier Craiovei",0,Nu,Aer liber,Innorat,Scazut,2025-05-05,18:15:16
2025-05-05 18:15:39+00:00,78.0,18.1,85.0,Da,"Pitesti, Cartier Craiovei",0,Nu,Aer liber,Innorat,Scazut,2025-05-05,18:15:39
2025-05-05 18:16:03+00:00,78.0,18.0,85.0,Da,"Pitesti, Cartier Craiovei",0,Nu,Aer liber,Innorat,Scazut,2025-05-05,18:16:03
2025-05-05 18:16:31+00:00,74.0,18.1,85.0,Da,"Pitesti, Cartier Craiovei",0,Nu,Aer liber,Innorat,Scazut,2025-05-05,18:16:31
2025-05-05 18:16:53+00:00,79.0,18.2,85.0,Da,"Pitesti, Cartier Craiovei",0,Nu,Aer liber,Innorat,Scazut,2025-05-05,18:16:53
2025-05-05 18:17:16+00:00,82.0,18.0,85.0,Da,"Pitesti, Cartier Craiovei",0,Nu,Aer liber,Innorat,Scazut,2025-05-05,18:17:16
2025-05-05 18:17:39+00:00,76.0,18.2,85.0,Da,"Pitesti, Cartier Craiovei",0,Nu,Aer liber,Innorat,Scazut,2025-05-05,18:17:39
2025-05-05 18:18:07+00:00,75.0,18.7,85.0,Da,"Pitesti, Cartier Craiovei",0,Nu,Aer liber,Innorat,Scazut,2025-05-05,18:18:07
2025-05-05 18:18:30+00:00,79.0,18.6,85.0,Da,"Pitesti, Cartier Craiovei",0,Nu,Aer liber,Innorat,Scazut,2025-05-05,18:18:30
2025-05-05 18:18:53+00:00,74.0,18.8,85.0,Da,"Pitesti, Cartier Craiovei",0,Nu,Aer liber,Innorat,Scazut,2025-05-05,18:18:53
2025-05-05 18:19:16+00:00,76.0,18.1,85.0,Da,"Pitesti, Cartier Craiovei",0,Nu,Aer liber,Innorat,Scazut,2025-05-05,18:19:16
2025-05-05 18:19:39+00:00,73.0,18.0,85.0,Da,"Pitesti, Cartier Craiovei",0,Nu,Aer liber,Innorat,Scazut,2025-05-05,18:19:39
2025-05-05 18:20:02+00:00,74.0,18.2,85.0,Da,"Pitesti, Cartier Craiovei",0,Nu,Aer liber,Innorat,Scazut,2025-05-05,18:20:02
2025-05-05 18:20:24+00:00,73.0,18.5,85.0,Da,"Pitesti, Cartier Craiovei",0,Nu,Aer liber,Innorat,Scazut,2025-05-05,18:20:24
2025-05-05 18:20:47+00:00,73.0,18.8,85.0,Da,"Pitesti, Cartier Craiovei",0,Nu,Aer liber,Innorat,Scazut,2025-05-05,18:20:47
2025-05-05 18:21:09+00:00,78.0,18.4,85.0,Da,"Pitesti, Cartier Craiovei",0,Nu,Aer liber,Innorat,Scazut,2025-05-05,18:21:09
2025-05-05 18:21:32+00:00,72.0,18.2,85.0,Da,"Pitesti, Cartier Craiovei",0,Nu,Aer liber,Innorat,Scazut,2025-05-05,18:21:32
2025-05-05 18:21:55+00:00,73.0,18.7,85.0,Da,"Pitesti, Cartier Craiovei",0,Nu,Aer liber,Innorat,Scazut,2025-05-05,18:21:55
2025-05-05 18:22:23+00:00,72.0,18.4,85.0,Da,"Pitesti, Cartier Craiovei",0,Nu,Aer liber,Innorat,Scazut,2025-05-05,18:22:23
2025-05-05 18:22:45+00:00,71.0,18.9,85.0,Da,"Pitesti, Cartier Craiovei",0,Nu,Aer liber,Innorat,Scazut,2025-05-05,18:22:45
2025-05-05 18:23:08+00:00,73.0,18.6,85.0,Da,"Pitesti, Cartier Craiovei",0,Nu,Aer liber,Innorat,Scazut,2025-05-05,18:23:08
2025-05-05 18:23:30+00:00,74.0,18.0,85.0,Da,"Pitesti, Cartier Craiovei",0,Nu,Aer liber,Innorat,Scazut,2025-05-05,18:23:30
2025-05-05 18:23:53+00:00,73.0,18.8,85.0,Da,"Pitesti, Cartier Craiovei",0,Nu,Aer liber,Innorat,Scazut,2025-05-05,18:23:53
2025-05-05 18:24:21+00:00,73.0,18.6,85.0,Da,"Pitesti, Cartier Craiovei",0,Nu,Aer liber,Innorat,Scazut,2025-05-05,18:24:21
2025-05-05 18:24:43+00:00,71.0,18.4,85.0,Da,"Pitesti, Cartier Craiovei",0,Nu,Aer liber,Innorat,Scazut,2025-05-05,18:24:43
2025-05-05 18:25:06+00:00,72.0,18.2,85.0,Da,"Pitesti, Cartier Craiovei",0,Nu,Aer liber,Innorat,Scazut,2025-05-05,18:25:06
2025-05-05 18:25:29+00:00,71.0,18.7,85.0,Da,"Pitesti, Cartier Craiovei",0,Nu,Aer liber,Innorat,Scazut,2025-05-05,18:25:29
2025-05-05 18:25:52+00:00,70.0,18.2,85.0,Da,"Pitesti, Cartier Craiovei",0,Nu,Aer liber,Innorat,Scazut,2025-05-05,18:25:52
2025-05-05 18:26:14+00:00,75.0,18.8,85.0,Da,"Pitesti, Cartier Craiovei",0,Nu,Aer liber,Innorat,Scazut,2025-05-05,18:26:14
2025-05-05 18:26:37+00:00,70.0,18.8,85.0,Da,"Pitesti, Cartier Craiovei",0,Nu,Aer liber,Innorat,Scazut,2025-05-05,18:26:37
2025-05-05 18:27:00+00:00,70.0,18.1,85.0,Da,"Pitesti, Cartier Craiovei",0,Nu,Aer liber,Innorat,Scazut,2025-05-05,18:27:00
2025-05-05 18:27:22+00:00,73.0,18.5,85.0,Da,"Pitesti, Cartier Craiovei",0,Nu,Aer liber,Innorat,Scazut,2025-05-05,18:27:22
2025-05-05 18:27:45+00:00,70.0,18.5,85.0,Da,"Pitesti, Cartier Craiovei",0,Nu,Aer liber,Innorat,Scazut,2025-05-05,18:27:45
2025-05-05 18:28:08+00:00,71.0,18.1,86.0,Da,"Pitesti, Cartier Craiovei",0,Nu,Aer liber,Innorat,Scazut,2025-05-05,18:28:08
2025-05-05 18:28:31+00:00,75.0,18.0,85.0,Da,"Pitesti, Cartier Craiovei",0,Nu,Aer liber,Innorat,Scazut,2025-05-05,18:28:31
2025-05-05 18:28:53+00:00,69.0,18.2,85.0,Da,"Pitesti, Cartier Craiovei",0,Nu,Aer liber,Innorat,Scazut,2025-05-05,18:28:53
2025-05-05 18:29:21+00:00,68.0,18.0,85.0,Da,"Pitesti, Cartier Craiovei",0,Nu,Aer liber,Innorat,Scazut,2025-05-05,18:29:21
2025-05-05 18:29:44+00:00,70.0,18.2,85.0,Da,"Pitesti, Cartier Craiovei",0,Nu,Aer liber,Innorat,Scazut,2025-05-05,18:29:44
2025-05-05 18:30:07+00:00,69.0,18.0,86.0,Da,"Pitesti, Cartier Craiovei",0,Nu,Aer liber,Innorat,Scazut,2025-05-05,18:30:07
2025-05-05 18:30:30+00:00,69.0,18.5,86.0,Da,"Pitesti, Cartier Craiovei",0,Nu,Aer liber,Innorat,Scazut,2025-05-05,18:30:30
2025-05-05 18:30:53+00:00,68.0,18.1,86.0,Da,"Pitesti, Cartier Craiovei",0,Nu,Aer liber,Innorat,Scazut,2025-05-05,18:30:53
2025-05-05 18:31:15+00:00,68.0,18.4,86.0,Da,"Pitesti, Cartier Craiovei",0,Nu,Aer liber,Innorat,Scazut,2025-05-05,18:31:15
2025-05-05 18:31:38+00:00,69.0,18.6,86.0,Da,"Pitesti, Cartier Craiovei",0,Nu,Aer liber,Innorat,Scazut,2025-05-05,18:31:38
2025-05-11 14:25:58+00:00,675.0,0.9,0.0,Nu,"Bucuresti, Grozavesti",2,Nu,Camera camin,Partial Innorat,Scazut,2025-05-11,14:25:58
2025-05-11 14:26:48+00:00,244.0,24.2,79.0,Nu,"Bucuresti, Grozavesti",2,Nu,Camera camin,Partial Innorat,Scazut,2025-05-11,14:26:48
2025-05-11 14:27:04+00:00,207.0,24.9,79.0,Nu,"Bucuresti, Grozavesti",2,Nu,Camera camin,Partial Innorat,Scazut,2025-05-11,14:27:04
2025-05-11 14:27:58+00:00,160.0,24.1,79.0,Nu,"Bucuresti, Grozavesti",2,Nu,Camera camin,Partial Innorat,Scazut,2025-05-11,14:27:58
2025-05-11 14:28:33+00:00,140.0,24.0,79.0,Nu,"Bucuresti, Grozavesti",2,Nu,Camera camin,Partial Innorat,Scazut,2025-05-11,14:28:33
2025-05-11 14:29:19+00:00,126.0,24.2,79.0,Nu,"Bucuresti, Grozavesti",2,Nu,Camera camin,Partial Innorat,Scazut,2025-05-11,14:29:19
2025-05-11 14:30:30+00:00,116.0,24.0,79.0,Nu,"Bucuresti, Grozavesti",2,Nu,Camera camin,Partial Innorat,Scazut,2025-05-11,14:30:30
2025-05-11 14:31:02+00:00,109.0,24.5,79.0,Nu,"Bucuresti, Grozavesti",2,Nu,Camera camin,Partial Innorat,Scazut,2025-05-11,14:31:02
2025-05-11 14:31:26+00:00,107.0,24.5,79.0,Nu,"Bucuresti, Grozavesti",2,Nu,Camera camin,Partial Innorat,Scazut,2025-05-11,14:31:26
2025-05-11 14:32:04+00:00,104.0,24.6,79.0,Nu,"Bucuresti, Grozavesti",2,Nu,Camera camin,Partial Innorat,Scazut,2025-05-11,14:32:04
2025-05-11 14:32:20+00:00,103.0,24.6,79.0,Nu,"Bucuresti, Grozavesti",2,Nu,Camera camin,Partial Innorat,Scazut,2025-05-11,14:32:20
2025-05-11 14:33:17+00:00,98.0,24.7,79.0,Nu,"Bucuresti, Grozavesti",2,Nu,Camera camin,Partial Innorat,Scazut,2025-05-11,14:33:17
2025-05-11 14:33:33+00:00,98.0,24.9,79.0,Nu,"Bucuresti, Grozavesti",2,Nu,Camera camin,Partial Innorat,Scazut,2025-05-11,14:33:33
2025-05-11 14:33:52+00:00,98.0,24.4,80.0,Nu,"Bucuresti, Grozavesti",2,Nu,Camera camin,Partial Innorat,Scazut,2025-05-11,14:33:52
2025-05-11 14:34:24+00:00,96.0,24.6,80.0,Nu,"Bucuresti, Grozavesti",2,Nu,Camera camin,Partial Innorat,Scazut,2025-05-11,14:34:24
2025-05-11 14:34:54+00:00,96.0,24.8,80.0,Nu,"Bucuresti, Grozavesti",2,Nu,Camera camin,Partial Innorat,Scazut,2025-05-11,14:34:54
2025-05-11 14:35:44+00:00,94.0,24.2,80.0,Nu,"Bucuresti, Grozavesti",2,Nu,Camera camin,Partial Innorat,Scazut,2025-05-11,14:35:44
2025-05-11 14:36:02+00:00,94.0,24.0,80.0,Da,"Bucuresti, Grozavesti",2,Nu,Camera camin,Partial Innorat,Scazut,2025-05-11,14:36:02
2025-05-11 14:36:21+00:00,93.0,24.5,79.0,Nu,"Bucuresti, Grozavesti",2,Nu,Camera camin,Partial Innorat,Scazut,2025-05-11,14:36:21
2025-05-11 14:36:40+00:00,98.0,24.7,79.0,Nu,"Bucuresti, Grozavesti",2,Nu,Camera camin,Partial Innorat,Scazut,2025-05-11,14:36:40
2025-05-11 14:37:38+00:00,96.0,24.5,79.0,Nu,"Bucuresti, Grozavesti",2,Nu,Camera camin,Partial Innorat,Scazut,2025-05-11,14:37:38
2025-05-11 14:38:14+00:00,90.0,24.2,79.0,Nu,"Bucuresti, Grozavesti",2,Nu,Camera camin,Partial Innorat,Scazut,2025-05-11,14:38:14
2025-05-11 14:39:12+00:00,89.0,24.9,79.0,Nu,"Bucuresti, Grozavesti",2,Nu,Camera camin,Partial Innorat,Scazut,2025-05-11,14:39:12
2025-05-11 14:40:07+00:00,93.0,24.8,79.0,Nu,"Bucuresti, Grozavesti",2,Nu,Camera camin,Partial Innorat,Scazut,2025-05-11,14:40:07
2025-05-11 14:40:29+00:00,88.0,24.8,79.0,Nu,"Bucuresti, Grozavesti",2,Nu,Camera camin,Partial Innorat,Scazut,2025-05-11,14:40:29
2025-05-11 14:41:03+00:00,86.0,24.5,79.0,Nu,"Bucuresti, Grozavesti",2,Nu,Camera camin,Partial Innorat,Scazut,2025-05-11,14:41:03
2025-05-11 14:41:18+00:00,87.0,24.5,79.0,Nu,"Bucuresti, Grozavesti",2,Nu,Camera camin,Partial Innorat,Scazut,2025-05-11,14:41:18
2025-05-11 14:42:09+00:00,86.0,24.7,79.0,Nu,"Bucuresti, Grozavesti",2,Nu,Camera camin,Partial Innorat,Scazut,2025-05-11,14:42:09
2025-05-11 14:42:50+00:00,83.0,24.9,78.0,Nu,"Bucuresti, Grozavesti",2,Nu,Camera camin,Partial Innorat,Scazut,2025-05-11,14:42:50
2025-05-11 14:43:13+00:00,74.0,24.3,73.0,Nu,"Bucuresti, Grozavesti",2,Nu,Camera camin,Partial Innorat,Scazut,2025-05-11,14:43:13
2025-05-11 14:43:34+00:00,80.0,23.7,69.0,Nu,"Bucuresti, Grozavesti",2,Nu,Camera camin,Partial Innorat,Scazut,2025-05-11,14:43:34
2025-05-11 14:43:49+00:00,72.0,23.1,70.0,Nu,"Bucuresti, Grozavesti",2,Nu,Camera camin,Partial Innorat,Scazut,2025-05-11,14:43:49
2025-05-11 14:44:30+00:00,70.0,23.6,68.0,Nu,"Bucuresti, Grozavesti",2,Nu,Camera camin,Partial Innorat,Scazut,2025-05-11,14:44:30
2025-05-11 14:44:49+00:00,69.0,23.0,67.0,Nu,"Bucuresti, Grozavesti",2,Nu,Camera camin,Partial Innorat,Scazut,2025-05-11,14:44:49
2025-05-11 14:45:12+00:00,69.0,23.2,67.0,Nu,"Bucuresti, Grozavesti",2,Nu,Camera camin,Partial Innorat,Scazut,2025-05-11,14:45:12
2025-05-11 14:45:29+00:00,70.0,23.2,67.0,Da,"Bucuresti, Grozavesti",2,Nu,Camera camin,Partial Innorat,Scazut,2025-05-11,14:45:29
2025-05-11 14:45:53+00:00,74.0,23.7,67.0,Da,"Bucuresti, Grozavesti",2,Nu,Camera camin,Partial Innorat,Scazut,2025-05-11,14:45:53
2025-05-11 14:46:14+00:00,75.0,23.4,68.0,Da,"Bucuresti, Grozavesti",2,Nu,Camera camin,Partial Innorat,Scazut,2025-05-11,14:46:14
2025-05-11 14:46:35+00:00,70.0,23.5,69.0,Da,"Bucuresti, Grozavesti",2,Nu,Camera camin,Partial Innorat,Scazut,2025-05-11,14:46:35
2025-05-11 14:47:06+00:00,70.0,23.0,70.0,Da,"Bucuresti, Grozavesti",2,Nu,Camera camin,Partial Innorat,Scazut,2025-05-11,14:47:06
2025-05-11 14:47:24+00:00,70.0,23.1,70.0,Da,"Bucuresti, Grozavesti",2,Nu,Camera camin,Partial Innorat,Scazut,2025-05-11,14:47:24
2025-05-11 14:47:40+00:00,70.0,23.6,71.0,Da,"Bucuresti, Grozavesti",2,Nu,Camera camin,Partial Innorat,Scazut,2025-05-11,14:47:40
2025-05-11 14:47:59+00:00,70.0,23.1,71.0,Da,"Bucuresti, Grozavesti",2,Nu,Camera camin,Partial Innorat,Scazut,2025-05-11,14:47:59
2025-05-11 14:48:17+00:00,75.0,23.3,71.0,Nu,"Bucuresti, Grozavesti",2,Nu,Camera camin,Partial Innorat,Scazut,2025-05-11,14:48:17
2025-05-11 14:48:45+00:00,70.0,23.1,71.0,Nu,"Bucuresti, Grozavesti",2,Nu,Camera camin,Partial Innorat,Scazut,2025-05-11,14:48:45
2025-05-11 14:49:39+00:00,70.0,24.2,71.0,Nu,"Bucuresti, Grozavesti",2,Nu,Camera camin,Partial Innorat,Scazut,2025-05-11,14:49:39
2025-05-11 14:49:54+00:00,70.0,24.7,71.0,Nu,"Bucuresti, Grozavesti",2,Nu,Camera camin,Partial Innorat,Scazut,2025-05-11,14:49:54
2025-05-11 14:50:18+00:00,70.0,24.1,71.0,Nu,"Bucuresti, Grozavesti",2,Nu,Camera camin,Partial Innorat,Scazut,2025-05-11,14:50:18
2025-05-11 14:50:36+00:00,70.0,24.1,72.0,Nu,"Bucuresti, Grozavesti",2,Nu,Camera camin,Partial Innorat,Scazut,2025-05-11,14:50:36
2025-05-11 14:51:31+00:00,69.0,24.4,72.0,Nu,"Bucuresti, Grozavesti",2,Nu,Camera camin,Partial Innorat,Scazut,2025-05-11,14:51:31
2025-05-11 14:52:10+00:00,69.0,24.2,72.0,Nu,"Bucuresti, Grozavesti",2,Nu,Camera camin,Partial Innorat,Scazut,2025-05-11,14:52:10
2025-05-11 14:52:27+00:00,69.0,24.2,72.0,Nu,"Bucuresti, Grozavesti",2,Nu,Camera camin,Partial Innorat,Scazut,2025-05-11,14:52:27
2025-05-11 14:52:49+00:00,68.0,24.0,72.0,Nu,"Bucuresti, Grozavesti",2,Nu,Camera camin,Partial Innorat,Scazut,2025-05-11,14:52:49
2025-05-11 14:53:07+00:00,69.0,24.6,71.0,Nu,"Bucuresti, Grozavesti",2,Nu,Camera camin,Partial Innorat,Scazut,2025-05-11,14:53:07
2025-05-11 14:53:43+00:00,68.0,24.1,71.0,Nu,"Bucuresti, Grozavesti",2,Nu,Camera camin,Partial Innorat,Scazut,2025-05-11,14:53:43
2025-05-11 14:54:01+00:00,74.0,24.0,71.0,Nu,"Bucuresti, Grozavesti",2,Nu,Camera camin,Partial Innorat,Scazut,2025-05-11,14:54:01
2025-05-11 14:54:18+00:00,68.0,24.8,71.0,Nu,"Bucuresti, Grozavesti",2,Nu,Camera camin,Partial Innorat,Scazut,2025-05-11,14:54:18
2025-05-11 14:54:36+00:00,68.0,24.3,71.0,Nu,"Bucuresti, Grozavesti",2,Nu,Camera camin,Partial Innorat,Scazut,2025-05-11,14:54:36
2025-05-11 14:54:52+00:00,68.0,24.6,71.0,Nu,"Bucuresti, Grozavesti",2,Nu,Camera camin,Partial Innorat,Scazut,2025-05-11,14:54:52
2025-05-11 14:55:09+00:00,73.0,24.3,71.0,Nu,"Bucuresti, Grozavesti",2,Nu,Camera camin,Partial Innorat,Scazut,2025-05-11,14:55:09
2025-05-11 14:55:30+00:00,68.0,24.4,71.0,Nu,"Bucuresti, Grozavesti",2,Nu,Camera camin,Partial Innorat,Scazut,2025-05-11,14:55:30
2025-05-11 14:55:51+00:00,72.0,24.9,71.0,Nu,"Bucuresti, Grozavesti",2,Nu,Camera camin,Partial Innorat,Scazut,2025-05-11,14:55:51
2025-05-11 14:56:13+00:00,68.0,24.4,70.0,Nu,"Bucuresti, Grozavesti",2,Nu,Camera camin,Partial Innorat,Scazut,2025-05-11,14:56:13
2025-05-11 14:56:30+00:00,73.0,24.7,70.0,Nu,"Bucuresti, Grozavesti",2,Nu,Camera camin,Partial Innorat,Scazut,2025-05-11,14:56:30
2025-05-11 14:56:55+00:00,68.0,24.8,70.0,Nu,"Bucuresti, Grozavesti",2,Nu,Camera camin,Partial Innorat,Scazut,2025-05-11,14:56:55
2025-05-11 14:57:34+00:00,68.0,24.6,71.0,Nu,"Bucuresti, Grozavesti",2,Nu,Camera camin,Partial Innorat,Scazut,2025-05-11,14:57:34
2025-05-11 14:57:52+00:00,68.0,24.1,71.0,Nu,"Bucuresti, Grozavesti",2,Nu,Camera camin,Partial Innorat,Scazut,2025-05-11,14:57:52
2025-05-11 14:58:08+00:00,67.0,24.3,71.0,Nu,"Bucuresti, Grozavesti",2,Nu,Camera camin,Partial Innorat,Scazut,2025-05-11,14:58:08
2025-05-11 14:58:47+00:00,68.0,24.4,71.0,Nu,"Bucuresti, Grozavesti",2,Nu,Camera camin,Partial Innorat,Scazut,2025-05-11,14:58:47
2025-05-11 14:59:10+00:00,67.0,24.1,71.0,Nu,"Bucuresti, Grozavesti",2,Nu,Camera camin,Partial Innorat,Scazut,2025-05-11,14:59:10
2025-05-11 14:59:31+00:00,67.0,24.9,71.0,Nu,"Bucuresti, Grozavesti",2,Nu,Camera camin,Partial Innorat,Scazut,2025-05-11,14:59:31
2025-05-11 14:59:54+00:00,67.0,24.7,71.0,Nu,"Bucuresti, Grozavesti",2,Nu,Camera camin,Partial Innorat,Scazut,2025-05-11,14:59:54
2025-05-11 15:01:04+00:00,67.0,24.7,71.0,Nu,"Bucuresti, Grozavesti",2,Nu,Camera camin,Partial Innorat,Scazut,2025-05-11,15:01:04
2025-05-11 15:01:21+00:00,72.0,24.9,72.0,Nu,"Bucuresti, Grozavesti",2,Nu,Camera camin,Partial Innorat,Scazut,2025-05-11,15:01:21
2025-05-11 15:01:41+00:00,67.0,24.7,71.0,Nu,"Bucuresti, Grozavesti",2,Nu,Camera camin,Partial Innorat,Scazut,2025-05-11,15:01:41
2025-05-11 15:02:16+00:00,71.0,24.6,71.0,Nu,"Bucuresti, Grozavesti",2,Nu,Camera camin,Partial Innorat,Scazut,2025-05-11,15:02:16
2025-05-11 15:02:53+00:00,66.0,24.6,71.0,Nu,"Bucuresti, Grozavesti",2,Nu,Camera camin,Partial Innorat,Scazut,2025-05-11,15:02:53
2025-05-11 15:03:13+00:00,66.0,24.4,71.0,Nu,"Bucuresti, Grozavesti",2,Nu,Camera camin,Partial Innorat,Scazut,2025-05-11,15:03:13
2025-05-11 15:03:42+00:00,66.0,24.8,71.0,Nu,"Bucuresti, Grozavesti",2,Nu,Camera camin,Partial Innorat,Scazut,2025-05-11,15:03:42
2025-05-11 15:03:58+00:00,66.0,24.9,71.0,Nu,"Bucuresti, Grozavesti",2,Nu,Camera camin,Partial Innorat,Scazut,2025-05-11,15:03:58
2025-05-11 15:04:14+00:00,66.0,24.4,71.0,Nu,"Bucuresti, Grozavesti",2,Nu,Camera camin,Partial Innorat,Scazut,2025-05-11,15:04:14
2025-05-11 15:04:34+00:00,66.0,24.0,71.0,Nu,"Bucuresti, Grozavesti",2,Nu,Camera camin,Partial Innorat,Scazut,2025-05-11,15:04:34
2025-05-11 15:05:05+00:00,65.0,24.8,71.0,Nu,"Bucuresti, Grozavesti",2,Nu,Camera camin,Partial Innorat,Scazut,2025-05-11,15:05:05
2025-05-11 15:05:58+00:00,65.0,24.4,71.0,Nu,"Bucuresti, Grozavesti",2,Nu,Camera camin,Partial Innorat,Scazut,2025-05-11,15:05:58
2025-05-11 15:06:16+00:00,65.0,24.1,71.0,Nu,"Bucuresti, Grozavesti",2,Nu,Camera camin,Partial Innorat,Scazut,2025-05-11,15:06:16
2025-05-11 15:06:37+00:00,66.0,24.9,71.0,Nu,"Bucuresti, Grozavesti",2,Nu,Camera camin,Partial Innorat,Scazut,2025-05-11,15:06:37
2025-05-13 07:44:04+00:00,217.0,0.8,0.0,Nu,"Bucuresti, Politehnica ACS",16,Nu,Sala laborator,Senin,Scazut,2025-05-13,07:44:04
2025-05-13 07:44:59+00:00,134.0,24.4,59.0,Nu,"Bucuresti, Politehnica ACS",16,Nu,Sala laborator,Senin,Scazut,2025-05-13,07:44:59
2025-05-13 07:45:23+00:00,121.0,24.5,59.0,Nu,"Bucuresti, Politehnica ACS",16,Nu,Sala laborator,Senin,Scazut,2025-05-13,07:45:23
2025-05-13 07:46:16+00:00,106.0,0.8,0.0,Nu,"Bucuresti, Politehnica ACS",16,Nu,Sala laborator,Senin,Scazut,2025-05-13,07:46:16
2025-05-13 07:46:48+00:00,98.0,23.7,59.0,Nu,"Bucuresti, Politehnica ACS",16,Nu,Sala laborator,Senin,Scazut,2025-05-13,07:46:48
2025-05-13 07:47:03+00:00,93.0,23.6,59.0,Nu,"Bucuresti, Politehnica ACS",16,Nu,Sala laborator,Senin,Scazut,2025-05-13,07:47:03
2025-05-13 07:47:31+00:00,86.0,23.8,59.0,Nu,"Bucuresti, Politehnica ACS",16,Nu,Sala laborator,Senin,Scazut,2025-05-13,07:47:31
2025-05-13 07:48:04+00:00,81.0,23.4,59.0,Nu,"Bucuresti, Politehnica ACS",16,Nu,Sala laborator,Senin,Scazut,2025-05-13,07:48:04
2025-05-13 07:48:20+00:00,79.0,23.5,59.0,Nu,"Bucuresti, Politehnica ACS",16,Nu,Sala laborator,Senin,Scazut,2025-05-13,07:48:20
2025-05-13 07:48:51+00:00,76.0,23.4,59.0,Nu,"Bucuresti, Politehnica ACS",16,Nu,Sala laborator,Senin,Scazut,2025-05-13,07:48:51
2025-05-13 07:49:22+00:00,74.0,23.2,60.0,Nu,"Bucuresti, Politehnica ACS",16,Nu,Sala laborator,Senin,Scazut,2025-05-13,07:49:22
2025-05-13 07:49:38+00:00,73.0,23.6,60.0,Nu,"Bucuresti, Politehnica ACS",16,Nu,Sala laborator,Senin,Scazut,2025-05-13,07:49:38
2025-05-13 07:50:11+00:00,71.0,23.7,60.0,Nu,"Bucuresti, Politehnica ACS",16,Nu,Sala laborator,Senin,Scazut,2025-05-13,07:50:11
2025-05-13 07:50:27+00:00,70.0,23.4,60.0,Nu,"Bucuresti, Politehnica ACS",16,Nu,Sala laborator,Senin,Scazut,2025-05-13,07:50:27
2025-05-13 07:50:47+00:00,69.0,23.0,60.0,Nu,"Bucuresti, Politehnica ACS",16,Nu,Sala laborator,Senin,Scazut,2025-05-13,07:50:47
2025-05-13 07:51:05+00:00,69.0,23.2,60.0,Nu,"Bucuresti, Politehnica ACS",16,Nu,Sala laborator,Senin,Scazut,2025-05-13,07:51:05
2025-05-13 07:51:23+00:00,68.0,23.6,60.0,Nu,"Bucuresti, Politehnica ACS",16,Nu,Sala laborator,Senin,Scazut,2025-05-13,07:51:23
2025-05-13 07:51:41+00:00,72.0,23.9,60.0,Nu,"Bucuresti, Politehnica ACS",16,Nu,Sala laborator,Senin,Scazut,2025-05-13,07:51:41
2025-05-13 07:52:16+00:00,67.0,23.3,59.0,Nu,"Bucuresti, Politehnica ACS",16,Nu,Sala laborator,Senin,Scazut,2025-05-13,07:52:16
2025-05-13 07:52:53+00:00,66.0,23.6,60.0,Nu,"Bucuresti, Politehnica ACS",16,Nu,Sala laborator,Senin,Scazut,2025-05-13,07:52:53
2025-05-13 07:53:28+00:00,65.0,23.7,60.0,Nu,"Bucuresti, Politehnica ACS",16,Nu,Sala laborator,Senin,Scazut,2025-05-13,07:53:28
2025-05-13 07:53:45+00:00,65.0,23.5,60.0,Nu,"Bucuresti, Politehnica ACS",16,Nu,Sala laborator,Senin,Scazut,2025-05-13,07:53:45
2025-05-13 07:54:01+00:00,64.0,23.3,60.0,Nu,"Bucuresti, Politehnica ACS",16,Nu,Sala laborator,Senin,Scazut,2025-05-13,07:54:01
2025-05-13 07:54:18+00:00,64.0,23.1,60.0,Nu,"Bucuresti, Politehnica ACS",16,Nu,Sala laborator,Senin,Scazut,2025-05-13,07:54:18
2025-05-13 07:56:50+00:00,62.0,23.1,61.0,Nu,"Bucuresti, Politehnica ACS",16,Nu,Sala laborator,Senin,Scazut,2025-05-13,07:56:50
2025-05-13 07:57:07+00:00,61.0,23.9,61.0,Nu,"Bucuresti, Politehnica ACS",16,Nu,Sala laborator,Senin,Scazut,2025-05-13,07:57:07
2025-05-13 07:58:22+00:00,61.0,23.6,60.0,Nu,"Bucuresti, Politehnica ACS",16,Nu,Sala laborator,Senin,Scazut,2025-05-13,07:58:22
2025-05-13 07:58:51+00:00,61.0,23.8,61.0,Nu,"Bucuresti, Politehnica ACS",16,Nu,Sala laborator,Senin,Scazut,2025-05-13,07:58:51
2025-05-13 07:59:06+00:00,60.0,23.5,61.0,Nu,"Bucuresti, Politehnica ACS",16,Nu,Sala laborator,Senin,Scazut,2025-05-13,07:59:06
2025-05-13 08:00:12+00:00,60.0,23.6,61.0,Nu,"Bucuresti, Politehnica ACS",16,Nu,Sala laborator,Senin,Scazut,2025-05-13,08:00:12
2025-05-13 08:00:55+00:00,60.0,23.3,61.0,Nu,"Bucuresti, Politehnica ACS",16,Nu,Sala laborator,Senin,Scazut,2025-05-13,08:00:55
2025-05-13 08:01:55+00:00,59.0,23.3,61.0,Nu,"Bucuresti, Politehnica ACS",16,Nu,Sala laborator,Senin,Scazut,2025-05-13,08:01:55
2025-05-13 08:02:12+00:00,59.0,23.4,61.0,Nu,"Bucuresti, Politehnica ACS",16,Nu,Sala laborator,Senin,Scazut,2025-05-13,08:02:12
2025-05-13 08:02:28+00:00,59.0,23.6,61.0,Nu,"Bucuresti, Politehnica ACS",16,Nu,Sala laborator,Senin,Scazut,2025-05-13,08:02:28
2025-05-13 08:02:50+00:00,59.0,23.4,61.0,Nu,"Bucuresti, Politehnica ACS",16,Nu,Sala laborator,Senin,Scazut,2025-05-13,08:02:50
2025-05-13 08:03:53+00:00,59.0,23.1,61.0,Nu,"Bucuresti, Politehnica ACS",16,Nu,Sala laborator,Senin,Scazut,2025-05-13,08:03:53
2025-05-13 08:05:55+00:00,58.0,23.5,61.0,Nu,"Bucuresti, Politehnica ACS",16,Nu,Sala laborator,Senin,Scazut,2025-05-13,08:05:55
2025-05-13 08:09:21+00:00,63.0,23.2,61.0,Nu,"Bucuresti, Politehnica ACS",16,Nu,Sala laborator,Senin,Scazut,2025-05-13,08:09:21
